Var1,val_fft
-5,0.0125631030140121
-4.99607843137255,0.0125631125511549
-4.9921568627451,0.0125631411626588
-4.98823529411765,0.0125631888487548
-4.9843137254902,0.0125632556097633
-4.98039215686275,0.0125633414462785
-4.97647058823529,0.0125634463588151
-4.97254901960784,0.0125635703482675
-4.96862745098039,0.0125637134155716
-4.96470588235294,0.0125638755618019
-4.96078431372549,0.0125640567882626
-4.95686274509804,0.0125642570961032
-4.95294117647059,0.0125644764870512
-4.94901960784314,0.0125647149627389
-4.94509803921569,0.0125649725249547
-4.94117647058824,0.0125652491756688
-4.93725490196078,0.0125655449169444
-4.93333333333333,0.0125658597510666
-4.92941176470588,0.012566193680417
-4.92549019607843,0.0125665467075368
-4.92156862745098,0.0125669188350815
-4.91764705882353,0.0125673100659292
-4.91372549019608,0.0125677204029908
-4.90980392156863,0.0125681498494667
-4.90588235294118,0.0125685984085055
-4.90196078431372,0.0125690660836697
-4.89803921568627,0.0125695528783349
-4.89411764705882,0.012570058796338
-4.89019607843137,0.0125705838414671
-4.88627450980392,0.0125711280177388
-4.88235294117647,0.012571691329284
-4.87843137254902,0.0125722737803875
-4.87450980392157,0.0125728753754591
-4.87058823529412,0.0125734961191025
-4.86666666666667,0.0125741360160403
-4.86274509803922,0.0125747950711175
-4.85882352941177,0.0125754732893575
-4.85490196078431,0.0125761706759299
-4.85098039215686,0.0125768872361645
-4.84705882352941,0.0125776229754746
-4.84313725490196,0.0125783778994776
-4.83921568627451,0.0125791520139256
-4.83529411764706,0.0125799453247193
-4.83137254901961,0.0125807578378977
-4.82745098039216,0.0125815895596471
-4.82352941176471,0.0125824404962882
-4.81960784313725,0.0125833106543635
-4.8156862745098,0.0125842000404081
-4.81176470588235,0.0125851086613276
-4.8078431372549,0.0125860365238891
-4.80392156862745,0.0125869836354312
-4.8,0.0125879500027673
-4.79607843137255,0.0125889356340101
-4.7921568627451,0.0125899405350632
-4.78823529411765,0.0125909647154052
-4.7843137254902,0.0125920081826073
-4.78039215686274,0.0125930709436186
-4.77647058823529,0.0125941530074769
-4.77254901960784,0.0125952543817761
-4.76862745098039,0.0125963750754943
-4.76470588235294,0.012597515096772
-4.76078431372549,0.0125986744545909
-4.75686274509804,0.0125998531576546
-4.75294117647059,0.0126010512151231
-4.74901960784314,0.0126022686359987
-4.74509803921569,0.0126035054297173
-4.74117647058824,0.0126047616056881
-4.73725490196078,0.0126060371735167
-4.73333333333333,0.0126073321430098
-4.72941176470588,0.0126086465239963
-4.72549019607843,0.0126099803267261
-4.72156862745098,0.0126113335611222
-4.71764705882353,0.0126127062381706
-4.71372549019608,0.0126140983668801
-4.70980392156863,0.0126155099595739
-4.70588235294118,0.0126169410270166
-4.70196078431373,0.0126183915790812
-4.69803921568627,0.0126198616278443
-4.69411764705882,0.0126213511838411
-4.69019607843137,0.0126228602592154
-4.68627450980392,0.0126243888649792
-4.68235294117647,0.0126259370132793
-4.67843137254902,0.0126275047157219
-4.67450980392157,0.0126290919846099
-4.67058823529412,0.0126306988318861
-4.66666666666667,0.0126323252701688
-4.66274509803922,0.0126339713117599
-4.65882352941177,0.0126356369694858
-4.65490196078431,0.012637322256018
-4.65098039215686,0.0126390271844639
-4.64705882352941,0.0126407517678605
-4.64313725490196,0.0126424960195917
-4.63921568627451,0.012644259952963
-4.63529411764706,0.0126460435817449
-4.63137254901961,0.0126478469195714
-4.62745098039216,0.0126496699803673
-4.62352941176471,0.0126515127782392
-4.61960784313726,0.0126533753274323
-4.6156862745098,0.0126552576422684
-4.61176470588235,0.0126571597373394
-4.6078431372549,0.0126590816273368
-4.60392156862745,0.0126610233270783
-4.6,0.0126629848516265
-4.59607843137255,0.0126649662161845
-4.5921568627451,0.0126669674360065
-4.58823529411765,0.0126689885266753
-4.5843137254902,0.0126710295037979
-4.58039215686274,0.0126730903831995
-4.57647058823529,0.0126751711808582
-4.57254901960784,0.0126772719129037
-4.56862745098039,0.0126793925956353
-4.56470588235294,0.0126815332455114
-4.56078431372549,0.0126836938791826
-4.55686274509804,0.0126858745133626
-4.55294117647059,0.012688075165099
-4.54901960784314,0.0126902958513542
-4.54509803921569,0.0126925365895603
-4.54117647058824,0.0126947973970543
-4.53725490196078,0.012697078291458
-4.53333333333333,0.0126993792905153
-4.52941176470588,0.012701700412211
-4.52549019607843,0.0127040416745207
-4.52156862745098,0.0127064030957966
-4.51764705882353,0.0127087846944414
-4.51372549019608,0.0127111864890443
-4.50980392156863,0.0127136084983237
-4.50588235294118,0.0127160507412472
-4.50196078431373,0.0127185132368645
-4.49803921568627,0.0127209960044574
-4.49411764705882,0.0127234990633785
-4.49019607843137,0.0127260224333432
-4.48627450980392,0.0127285661339823
-4.48235294117647,0.0127311301852452
-4.47843137254902,0.0127337146072626
-4.47450980392157,0.0127363194203143
-4.47058823529412,0.0127389446447948
-4.46666666666667,0.012741590301306
-4.46274509803922,0.0127442564106307
-4.45882352941176,0.0127469429937334
-4.45490196078431,0.0127496500717058
-4.45098039215686,0.0127523776658597
-4.44705882352941,0.012755125797619
-4.44313725490196,0.0127578944886579
-4.43921568627451,0.0127606837607388
-4.43529411764706,0.0127634936359054
-4.43137254901961,0.0127663241362434
-4.42745098039216,0.0127691752841539
-4.42352941176471,0.0127720471020562
-4.41960784313726,0.0127749396126949
-4.4156862745098,0.0127778528388934
-4.41176470588235,0.0127807868036802
-4.4078431372549,0.0127837415303126
-4.40392156862745,0.0127867170420449
-4.4,0.0127897133626087
-4.39607843137255,0.0127927305156185
-4.3921568627451,0.0127957685250766
-4.38823529411765,0.0127988274150135
-4.3843137254902,0.0128019072097465
-4.38039215686275,0.012805007933703
-4.37647058823529,0.012808129611552
-4.37254901960784,0.0128112722680711
-4.36862745098039,0.012814435928291
-4.36470588235294,0.0128176206173895
-4.36078431372549,0.0128208263607128
-4.35686274509804,0.0128240531838344
-4.35294117647059,0.012827301112472
-4.34901960784314,0.0128305701725072
-4.34509803921569,0.0128338603900887
-4.34117647058824,0.0128371717914607
-4.33725490196078,0.012840504403128
-4.33333333333333,0.012843858251657
-4.32941176470588,0.012847233364024
-4.32549019607843,0.012850629767121
-4.32156862745098,0.0128540474883006
-4.31764705882353,0.0128574865548227
-4.31372549019608,0.0128609469943932
-4.30980392156863,0.0128644288347165
-4.30588235294118,0.0128679321038542
-4.30196078431373,0.0128714568298319
-4.29803921568627,0.0128750030408797
-4.29411764705882,0.012878570766168
-4.29019607843137,0.0128821600338342
-4.28627450980392,0.0128857708729202
-4.28235294117647,0.0128894033126512
-4.27843137254902,0.0128930573822442
-4.27450980392157,0.0128967331113141
-4.27058823529412,0.0129004305294357
-4.26666666666667,0.0129041496666457
-4.26274509803922,0.0129078905529391
-4.25882352941176,0.0129116532186876
-4.25490196078431,0.0129154376942805
-4.25098039215686,0.012919244010525
-4.24705882352941,0.0129230721982118
-4.24313725490196,0.0129269222884894
-4.23921568627451,0.0129307943126164
-4.23529411764706,0.0129346883020624
-4.23137254901961,0.01293860428853
-4.22745098039216,0.0129425423039742
-4.22352941176471,0.0129465023803701
-4.21960784313726,0.0129504845498439
-4.2156862745098,0.0129544888455761
-4.21176470588235,0.0129585152996497
-4.2078431372549,0.0129625639450761
-4.20392156862745,0.0129666348150852
-4.2,0.0129707279429209
-4.19607843137255,0.0129748433621699
-4.1921568627451,0.0129789811064922
-4.18823529411765,0.0129831412099258
-4.1843137254902,0.0129873237065558
-4.18039215686275,0.0129915286307832
-4.17647058823529,0.0129957560171513
-4.17254901960784,0.013000005900491
-4.16862745098039,0.0130042783157875
-4.16470588235294,0.0130085732982186
-4.16078431372549,0.0130128908832192
-4.15686274509804,0.0130172311064879
-4.15294117647059,0.0130215940038247
-4.14901960784314,0.0130259796113159
-4.14509803921569,0.0130303879652104
-4.14117647058824,0.013034819102081
-4.13725490196078,0.0130392730586165
-4.13333333333333,0.0130437498717445
-4.12941176470588,0.0130482495786428
-4.12549019607843,0.0130527722167068
-4.12156862745098,0.0130573178235409
-4.11764705882353,0.0130618864369172
-4.11372549019608,0.0130664780949536
-4.10980392156863,0.0130710928358553
-4.10588235294118,0.0130757306982455
-4.10196078431373,0.0130803917206347
-4.09803921568627,0.013085075942167
-4.09411764705882,0.0130897834019335
-4.09019607843137,0.0130945141393208
-4.08627450980392,0.0130992681940433
-4.08235294117647,0.0131040456058499
-4.07843137254902,0.0131088464148869
-4.07450980392157,0.0131136706614932
-4.07058823529412,0.0131185183862024
-4.06666666666667,0.0131233896297963
-4.06274509803922,0.0131282844333103
-4.05882352941176,0.0131332028380177
-4.05490196078431,0.0131381448853508
-4.05098039215686,0.0131431106170757
-4.04705882352941,0.0131481000751514
-4.04313725490196,0.0131531133018053
-4.03921568627451,0.0131581503394213
-4.03529411764706,0.0131632112307409
-4.03137254901961,0.0131682960186218
-4.02745098039216,0.0131734047463776
-4.02352941176471,0.013178537457186
-4.01960784313725,0.013183694194903
-4.0156862745098,0.0131888750032869
-4.01176470588235,0.0131940799265707
-4.0078431372549,0.0131993090091373
-4.00392156862745,0.0132045622955585
-4,0.0132098398307426
-3.99607843137255,0.0132151416598799
-3.9921568627451,0.0132204678282713
-3.98823529411765,0.0132258183815756
-3.9843137254902,0.0132311933657742
-3.98039215686275,0.0132365928269043
-3.97647058823529,0.0132420168114154
-3.97254901960784,0.013247465365909
-3.96862745098039,0.0132529385373529
-3.96470588235294,0.0132584363728872
-3.96078431372549,0.0132639589199876
-3.95686274509804,0.0132695062261918
-3.95294117647059,0.0132750783396178
-3.94901960784314,0.0132806753084038
-3.94509803921569,0.0132862971809871
-3.94117647058824,0.0132919440061964
-3.93725490196078,0.0132976158329248
-3.93333333333333,0.0133033127105245
-3.92941176470588,0.013309034688484
-3.92549019607843,0.0133147818166445
-3.92156862745098,0.0133205541450119
-3.91764705882353,0.0133263517240077
-3.91372549019608,0.0133321746041919
-3.90980392156863,0.0133380228364377
-3.90588235294118,0.0133438964720114
-3.90196078431373,0.0133497955622468
-3.89803921568627,0.0133557201589338
-3.89411764705882,0.0133616703139735
-3.89019607843137,0.0133676460797092
-3.88627450980392,0.0133736475086527
-3.88235294117647,0.0133796746536883
-3.87843137254902,0.0133857275678451
-3.87450980392157,0.0133918063046162
-3.87058823529412,0.01339791091763
-3.86666666666667,0.0134040414608484
-3.86274509803922,0.0134101979885525
-3.85882352941176,0.0134163805552798
-3.85490196078431,0.0134225892158486
-3.85098039215686,0.0134288240254292
-3.84705882352941,0.0134350850393947
-3.84313725490196,0.0134413723134594
-3.83921568627451,0.0134476859036073
-3.83529411764706,0.0134540258662709
-3.83137254901961,0.0134603922578807
-3.82745098039216,0.0134667851354365
-3.82352941176471,0.0134732045560966
-3.81960784313725,0.0134796505774263
-3.8156862745098,0.013486123257102
-3.81176470588235,0.0134926226533803
-3.8078431372549,0.0134991488244841
-3.80392156862745,0.0135057018293403
-3.8,0.0135122817270527
-3.79607843137255,0.0135188885765459
-3.7921568627451,0.0135255224378375
-3.78823529411765,0.0135321833707302
-3.7843137254902,0.0135388714355495
-3.78039215686274,0.01354558669288
-3.77647058823529,0.0135523292036199
-3.77254901960784,0.0135590990290333
-3.76862745098039,0.0135658962305926
-3.76470588235294,0.0135727208702363
-3.76078431372549,0.0135795730100865
-3.75686274509804,0.0135864527127684
-3.75294117647059,0.0135933600409818
-3.74901960784314,0.0136002950579897
-3.74509803921569,0.0136072578272346
-3.74117647058824,0.0136142484125947
-3.73725490196078,0.0136212668781468
-3.73333333333333,0.0136283132884843
-3.72941176470588,0.0136353877082643
-3.72549019607843,0.0136424902028331
-3.72156862745098,0.0136496208377846
-3.71764705882353,0.0136567796785652
-3.71372549019608,0.0136639667916578
-3.70980392156863,0.0136711822434862
-3.70588235294118,0.0136784261009451
-3.70196078431373,0.0136856984312209
-3.69803921568627,0.0136929993019057
-3.69411764705882,0.0137003287808889
-3.69019607843137,0.013707686936436
-3.68627450980392,0.0137150738371447
-3.68235294117647,0.0137224895520317
-3.67843137254902,0.0137299341503843
-3.67450980392157,0.0137374077018518
-3.67058823529412,0.0137449102765353
-3.66666666666667,0.0137524419447987
-3.66274509803922,0.0137600027774301
-3.65882352941176,0.0137675928455361
-3.65490196078431,0.0137752122206346
-3.65098039215686,0.0137828609745585
-3.64705882352941,0.0137905391795881
-3.64313725490196,0.0137982469082732
-3.63921568627451,0.0138059842336488
-3.63529411764706,0.0138137512290313
-3.63137254901961,0.0138215479681991
-3.62745098039216,0.0138293745252034
-3.62352941176471,0.0138372309745824
-3.61960784313725,0.0138451173911757
-3.6156862745098,0.013853033850263
-3.61176470588235,0.0138609804275267
-3.6078431372549,0.0138689571989468
-3.60392156862745,0.0138769642409916
-3.6,0.0138850016304622
-3.59607843137255,0.0138930694445533
-3.5921568627451,0.0139011677609261
-3.58823529411765,0.0139092966575199
-3.5843137254902,0.0139174562128282
-3.58039215686274,0.0139256465055905
-3.57647058823529,0.0139338676150833
-3.57254901960784,0.013942119620854
-3.56862745098039,0.013950402603038
-3.56470588235294,0.0139587166419797
-3.56078431372549,0.0139670618185752
-3.55686274509804,0.0139754382141113
-3.55294117647059,0.0139838459102874
-3.54901960784314,0.0139922849891522
-3.54509803921569,0.0140007555333083
-3.54117647058824,0.0140092576256098
-3.53725490196078,0.0140177913495208
-3.53333333333333,0.0140263567888377
-3.52941176470588,0.0140349540277762
-3.52549019607843,0.0140435831509795
-3.52156862745098,0.0140522442435973
-3.51764705882353,0.0140609373911366
-3.51372549019608,0.0140696626796005
-3.50980392156863,0.0140784201953824
-3.50588235294118,0.0140872100253857
-3.50196078431373,0.014096032256878
-3.49803921568627,0.0141048869776093
-3.49411764705882,0.0141137742758247
-3.49019607843137,0.014122694240247
-3.48627450980392,0.0141316469598574
-3.48235294117647,0.0141406325243183
-3.47843137254902,0.0141496510236103
-3.47450980392157,0.014158702548303
-3.47058823529412,0.0141677871893048
-3.46666666666667,0.0141769050380895
-3.46274509803922,0.0141860561864824
-3.45882352941176,0.0141952407269552
-3.45490196078431,0.0142044587522815
-3.45098039215686,0.0142137103558304
-3.44705882352941,0.0142229956313562
-3.44313725490196,0.0142323146732401
-3.43921568627451,0.0142416675761668
-3.43529411764706,0.0142510544354624
-3.43137254901961,0.014260475346811
-3.42745098039216,0.0142699304065741
-3.42352941176471,0.0142794197113612
-3.41960784313726,0.0142889433584323
-3.4156862745098,0.014298501445679
-3.41176470588235,0.0143080940712054
-3.4078431372549,0.0143177213337903
-3.40392156862745,0.0143273833327366
-3.4,0.014337080167758
-3.39607843137255,0.0143468119391994
-3.3921568627451,0.0143565787478454
-3.38823529411765,0.0143663806950499
-3.3843137254902,0.0143762178826126
-3.38039215686274,0.0143860904129931
-3.37647058823529,0.0143959983890402
-3.37254901960784,0.0144059419142162
-3.36862745098039,0.0144159210924682
-3.36470588235294,0.0144259360283854
-3.36078431372549,0.0144359868269388
-3.35686274509804,0.0144460735938189
-3.35294117647059,0.0144561964350618
-3.34901960784314,0.0144663554574976
-3.34509803921569,0.0144765507682633
-3.34117647058823,0.0144867824752457
-3.33725490196078,0.0144970506868193
-3.33333333333333,0.0145073555118171
-3.32941176470588,0.0145176970598518
-3.32549019607843,0.014528075440945
-3.32156862745098,0.0145384907657039
-3.31764705882353,0.0145489431454032
-3.31372549019608,0.01455943269175
-3.30980392156863,0.0145699595173318
-3.30588235294118,0.0145805237348914
-3.30196078431373,0.0145911254579671
-3.29803921568627,0.0146017648008892
-3.29411764705882,0.0146124418782146
-3.29019607843137,0.0146231568054193
-3.28627450980392,0.014633909698327
-3.28235294117647,0.0146447006736136
-3.27843137254902,0.0146555298483407
-3.27450980392157,0.0146663973402713
-3.27058823529412,0.0146773032678568
-3.26666666666667,0.0146882477500325
-3.26274509803922,0.0146992309064977
-3.25882352941177,0.0147102528574656
-3.25490196078431,0.0147213137238203
-3.25098039215686,0.0147324136270958
-3.24705882352941,0.0147435526894597
-3.24313725490196,0.0147547310336912
-3.23921568627451,0.0147659487832902
-3.23529411764706,0.0147772060621972
-3.23137254901961,0.0147885029954704
-3.22745098039216,0.0147998397082677
-3.22352941176471,0.0148112163265973
-3.21960784313726,0.0148226329774054
-3.2156862745098,0.0148340897879577
-3.21176470588235,0.0148455868864046
-3.2078431372549,0.0148571244014216
-3.20392156862745,0.0148687024625326
-3.2,0.0148803211997858
-3.19607843137255,0.0148919807439815
-3.1921568627451,0.0149036812266616
-3.18823529411765,0.0149154227800023
-3.1843137254902,0.0149272055368894
-3.18039215686275,0.0149390296309425
-3.17647058823529,0.0149508951964522
-3.17254901960784,0.0149628023684286
-3.16862745098039,0.0149747512826836
-3.16470588235294,0.0149867420756445
-3.16078431372549,0.0149987748844575
-3.15686274509804,0.0150108498471036
-3.15294117647059,0.0150229671022377
-3.14901960784314,0.015035126789234
-3.14509803921569,0.0150473290482501
-3.14117647058823,0.0150595740201729
-3.13725490196078,0.0150718618466783
-3.13333333333333,0.015084192670118
-3.12941176470588,0.0150965666337099
-3.12549019607843,0.0151089838813136
-3.12156862745098,0.0151214445577563
-3.11764705882353,0.0151339488084316
-3.11372549019608,0.0151464967795922
-3.10980392156863,0.0151590886183864
-3.10588235294118,0.0151717244725573
-3.10196078431373,0.0151844044907652
-3.09803921568627,0.0151971288224715
-3.09411764705882,0.0152098976179269
-3.09019607843137,0.0152227110281916
-3.08627450980392,0.015235569205107
-3.08235294117647,0.015248472301396
-3.07843137254902,0.0152614204705623
-3.07450980392157,0.0152744138669899
-3.07058823529412,0.0152874526458014
-3.06666666666667,0.0153005369630862
-3.06274509803922,0.0153136669757134
-3.05882352941176,0.0153268428414057
-3.05490196078431,0.0153400647187271
-3.05098039215686,0.0153533327671669
-3.04705882352941,0.0153666471469921
-3.04313725490196,0.0153800080194708
-3.03921568627451,0.0153934155466351
-3.03529411764706,0.0154068698914067
-3.03137254901961,0.0154203712176854
-3.02745098039216,0.0154339196902105
-3.02352941176471,0.0154475154745917
-3.01960784313726,0.0154611587374088
-3.0156862745098,0.0154748496461331
-3.01176470588235,0.0154885883691517
-3.0078431372549,0.0155023750757532
-3.00392156862745,0.0155162099361721
-3,0.0155300931217295
-2.99607843137255,0.0155440248043609
-2.9921568627451,0.0155580051572055
-2.98823529411765,0.0155720343543129
-2.9843137254902,0.0155861125706587
-2.98039215686275,0.0156002399822076
-2.97647058823529,0.0156144167658787
-2.97254901960784,0.0156286430995882
-2.96862745098039,0.0156429191622412
-2.96470588235294,0.0156572451337156
-2.96078431372549,0.0156716211949672
-2.95686274509804,0.0156860475277332
-2.95294117647059,0.0157005243150794
-2.94901960784314,0.0157150517408853
-2.94509803921569,0.0157296299900938
-2.94117647058824,0.0157442592487051
-2.93725490196078,0.0157589397037323
-2.93333333333333,0.0157736715432498
-2.92941176470588,0.0157884549564129
-2.92549019607843,0.0158032901333208
-2.92156862745098,0.0158181772654163
-2.91764705882353,0.0158331165447963
-2.91372549019608,0.0158481081650162
-2.90980392156863,0.0158631523204969
-2.90588235294118,0.0158782492068759
-2.90196078431372,0.0158933990208336
-2.89803921568627,0.0159086019601984
-2.89411764705882,0.0159238582238404
-2.89019607843137,0.0159391680118657
-2.88627450980392,0.0159545315254247
-2.88235294117647,0.0159699489668398
-2.87843137254902,0.0159854205395624
-2.87450980392157,0.0160009464482738
-2.87058823529412,0.0160165268987061
-2.86666666666667,0.0160321620978658
-2.86274509803922,0.0160478522538451
-2.85882352941176,0.0160635975760043
-2.85490196078431,0.0160793982748372
-2.85098039215686,0.0160952545621339
-2.84705882352941,0.0161111666507376
-2.84313725490196,0.0161271347548885
-2.83921568627451,0.0161431590899337
-2.83529411764706,0.016159239872472
-2.83137254901961,0.0161753773203919
-2.82745098039216,0.0161915716528391
-2.82352941176471,0.0162078230901269
-2.81960784313726,0.0162241318540089
-2.8156862745098,0.0162404981674198
-2.81176470588235,0.0162569222543788
-2.8078431372549,0.0162734043406231
-2.80392156862745,0.0162899446528971
-2.8,0.0163065434193314
-2.79607843137255,0.0163232008694323
-2.7921568627451,0.0163399172339447
-2.78823529411765,0.0163566927450755
-2.7843137254902,0.0163735276362438
-2.78039215686275,0.0163904221423671
-2.77647058823529,0.0164073764996199
-2.77254901960784,0.0164243909456746
-2.76862745098039,0.0164414657194404
-2.76470588235294,0.0164586010614043
-2.76078431372549,0.0164757972132891
-2.75686274509804,0.0164930544184097
-2.75294117647059,0.0165103729213294
-2.74901960784314,0.0165277529682576
-2.74509803921569,0.0165451948067048
-2.74117647058824,0.0165626986855357
-2.73725490196078,0.0165802648555497
-2.73333333333333,0.0165978935683567
-2.72941176470588,0.0166155850776135
-2.72549019607843,0.0166333396382544
-2.72156862745098,0.0166511575066982
-2.71764705882353,0.016669038940976
-2.71372549019608,0.0166869842006005
-2.70980392156863,0.0167049935466733
-2.70588235294118,0.0167230672417886
-2.70196078431373,0.0167412055502097
-2.69803921568627,0.0167594087376898
-2.69411764705882,0.0167776770715867
-2.69019607843137,0.0167960108208476
-2.68627450980392,0.0168144102561073
-2.68235294117647,0.0168328756495556
-2.67843137254902,0.0168514072750819
-2.67450980392157,0.0168700054081316
-2.67058823529412,0.0168886703259534
-2.66666666666667,0.0169074023073805
-2.66274509803922,0.0169262016327542
-2.65882352941176,0.0169450685845598
-2.65490196078431,0.0169640034465827
-2.65098039215686,0.0169830065045318
-2.64705882352941,0.0170020780457701
-2.64313725490196,0.0170212183594448
-2.63921568627451,0.0170404277364618
-2.63529411764706,0.0170597064695216
-2.63137254901961,0.0170790548530684
-2.62745098039216,0.0170984731834223
-2.62352941176471,0.0171179617586187
-2.61960784313725,0.0171375208785933
-2.6156862745098,0.0171571508450952
-2.61176470588235,0.0171768519617008
-2.6078431372549,0.0171966245339483
-2.60392156862745,0.0172164688691467
-2.6,0.017236385276642
-2.59607843137255,0.0172563740674944
-2.5921568627451,0.0172764355548976
-2.58823529411765,0.0172965700538449
-2.5843137254902,0.0173167778813286
-2.58039215686275,0.0173370593563456
-2.57647058823529,0.0173574147998053
-2.57254901960784,0.0173778445347039
-2.56862745098039,0.0173983488859827
-2.56470588235294,0.0174189281806495
-2.56078431372549,0.0174395827477463
-2.55686274509804,0.0174603129183425
-2.55294117647059,0.0174811190256465
-2.54901960784314,0.0175020014050016
-2.54509803921569,0.0175229603936824
-2.54117647058824,0.0175439963312474
-2.53725490196078,0.0175651095593556
-2.53333333333333,0.0175863004218228
-2.52941176470588,0.0176075692646074
-2.52549019607843,0.0176289164359207
-2.52156862745098,0.0176503422861382
-2.51764705882353,0.0176718471678758
-2.51372549019608,0.0176934314359481
-2.50980392156863,0.0177150954475884
-2.50588235294118,0.0177368395621137
-2.50196078431373,0.0177586641411726
-2.49803921568627,0.0177805695488342
-2.49411764705882,0.017802556151434
-2.49019607843137,0.0178246243176589
-2.48627450980392,0.0178467744185776
-2.48235294117647,0.0178690068276053
-2.47843137254902,0.017891321920616
-2.47450980392157,0.017913720075893
-2.47058823529412,0.0179362016741683
-2.46666666666667,0.0179587670986007
-2.46274509803922,0.0179814167348999
-2.45882352941176,0.0180041509712123
-2.45490196078431,0.0180269701982571
-2.45098039215686,0.0180498748092434
-2.44705882352941,0.0180728652000368
-2.44313725490196,0.0180959417689453
-2.43921568627451,0.0181191049170934
-2.43529411764706,0.0181423550479166
-2.43137254901961,0.0181656925678669
-2.42745098039216,0.0181891178858511
-2.42352941176471,0.018212631413348
-2.41960784313725,0.0182362335648494
-2.4156862745098,0.0182599247573503
-2.41176470588235,0.0182837054107313
-2.4078431372549,0.0183075759475754
-2.40392156862745,0.0183315367932821
-2.4,0.0183555883760843
-2.39607843137255,0.0183797311270885
-2.3921568627451,0.0184039654802126
-2.38823529411765,0.0184282918722825
-2.3843137254902,0.0184527107431006
-2.38039215686275,0.0184772225353554
-2.37647058823529,0.0185018276947002
-2.37254901960784,0.0185265266697828
-2.36862745098039,0.0185513199122983
-2.36470588235294,0.0185762078769195
-2.36078431372549,0.0186011910214724
-2.35686274509804,0.0186262698067838
-2.35294117647059,0.0186514446968289
-2.34901960784314,0.0186767161587534
-2.34509803921569,0.0187020846628406
-2.34117647058824,0.018727550682558
-2.33725490196078,0.018753114694623
-2.33333333333333,0.0187787771790051
-2.32941176470588,0.0188045386189118
-2.32549019607843,0.0188303995009008
-2.32156862745098,0.018856360314833
-2.31764705882353,0.0188824215538133
-2.31372549019608,0.0189085837146864
-2.30980392156863,0.0189348472972586
-2.30588235294118,0.0189612128051501
-2.30196078431373,0.0189876807452307
-2.29803921568627,0.0190142516280115
-2.29411764705882,0.0190409259674019
-2.29019607843137,0.0190677042810158
-2.28627450980392,0.0190945870899588
-2.28235294117647,0.0191215749190252
-2.27843137254902,0.0191486682966378
-2.27450980392157,0.0191758677549139
-2.27058823529412,0.0192031738296843
-2.26666666666667,0.0192305870605591
-2.26274509803922,0.0192581079908717
-2.25882352941176,0.0192857371678629
-2.25490196078431,0.0193134751425356
-2.25098039215686,0.0193413224698335
-2.24705882352941,0.0193692797086436
-2.24313725490196,0.0193973474217268
-2.23921568627451,0.0194255261757047
-2.23529411764706,0.0194538165417431
-2.23137254901961,0.0194822190944214
-2.22745098039216,0.019510734412833
-2.22352941176471,0.0195393630799847
-2.21960784313726,0.019568105683188
-2.2156862745098,0.0195969628138627
-2.21176470588235,0.0196259350677391
-2.2078431372549,0.0196550230447535
-2.20392156862745,0.0196842273492469
-2.2,0.019713548589769
-2.19607843137255,0.0197429873794387
-2.1921568627451,0.0197725443357013
-2.18823529411765,0.0198022200804993
-2.1843137254902,0.0198320152402704
-2.18039215686275,0.019861930446035
-2.17647058823529,0.0198919663333588
-2.17254901960784,0.0199221235425058
-2.16862745098039,0.0199524027183895
-2.16470588235294,0.0199828045106196
-2.16078431372549,0.0200133295735939
-2.15686274509804,0.0200439785664679
-2.15294117647059,0.0200747521533584
-2.14901960784314,0.0201056510031703
-2.14509803921569,0.0201366757897528
-2.14117647058824,0.0201678271919912
-2.13725490196078,0.0201991058937992
-2.13333333333333,0.0202305125841038
-2.12941176470588,0.0202620479569793
-2.12549019607843,0.0202937127117458
-2.12156862745098,0.0203255075527855
-2.11764705882353,0.0203574331898912
-2.11372549019608,0.0203894903381141
-2.10980392156863,0.020421679717863
-2.10588235294118,0.0204540020549824
-2.10196078431373,0.0204864580807124
-2.09803921568628,0.0205190485319093
-2.09411764705882,0.0205517741509454
-2.09019607843137,0.0205846356858173
-2.08627450980392,0.0206176338901447
-2.08235294117647,0.0206507695233724
-2.07843137254902,0.0206840433506772
-2.07450980392157,0.0207174561430734
-2.07058823529412,0.0207510086772919
-2.06666666666667,0.0207847017364862
-2.06274509803922,0.0208185361092041
-2.05882352941176,0.020852512590483
-2.05490196078431,0.0208866319813823
-2.05098039215686,0.0209208950889633
-2.04705882352941,0.0209553027267547
-2.04313725490196,0.0209898557144546
-2.03921568627451,0.0210245548781574
-2.03529411764706,0.0210594010503126
-2.03137254901961,0.0210943950699558
-2.02745098039216,0.0211295377825529
-2.02352941176471,0.0211648300402562
-2.01960784313725,0.021200272701794
-2.0156862745098,0.0212358666328703
-2.01176470588235,0.021271612705568
-2.0078431372549,0.0213075117991329
-2.00392156862745,0.0213435647997835
-2,0.0213797726005947
-1.99607843137255,0.0214161361017972
-1.9921568627451,0.0214526562105363
-1.98823529411765,0.0214893338416853
-1.9843137254902,0.0215261699167536
-1.98039215686275,0.0215631653650727
-1.97647058823529,0.021600321123268
-1.97254901960784,0.0216376381353663
-1.96862745098039,0.0216751173530825
-1.96470588235294,0.0217127597357418
-1.96078431372549,0.0217505662504374
-1.95686274509804,0.0217885378719653
-1.95294117647059,0.0218266755831578
-1.94901960784314,0.0218649803746564
-1.94509803921569,0.0219034532453209
-1.94117647058824,0.0219420952018547
-1.93725490196078,0.0219809072596253
-1.93333333333333,0.0220198904417033
-1.92941176470588,0.0220590457799905
-1.92549019607843,0.0220983743147176
-1.92156862745098,0.0221378770946453
-1.91764705882353,0.0221775551771641
-1.91372549019608,0.0222174096283441
-1.90980392156863,0.0222574415232023
-1.90588235294118,0.0222976519455197
-1.90196078431373,0.0223380419881732
-1.89803921568627,0.0223786127530368
-1.89411764705882,0.0224193653512253
-1.89019607843137,0.022460300903172
-1.88627450980392,0.0225014205385924
-1.88235294117647,0.022542725396737
-1.87843137254902,0.0225842166264004
-1.87450980392157,0.022625895386064
-1.87058823529412,0.0226677628439837
-1.86666666666667,0.0227098201783131
-1.86274509803922,0.0227520685770938
-1.85882352941176,0.0227945092385758
-1.85490196078431,0.0228371433711283
-1.85098039215686,0.0228799721934552
-1.84705882352941,0.022922996934629
-1.84313725490196,0.022966218834329
-1.83921568627451,0.023009639142752
-1.83529411764706,0.0230532591209527
-1.83137254901961,0.0230970800408159
-1.82745098039216,0.0231411031850965
-1.82352941176471,0.0231853298478082
-1.81960784313725,0.0232297613341818
-1.8156862745098,0.0232743989605913
-1.81176470588235,0.0233192440551349
-1.8078431372549,0.0233642979572839
-1.80392156862745,0.0234095620183779
-1.8,0.0234550376014613
-1.79607843137255,0.0235007260816772
-1.7921568627451,0.0235466288461935
-1.78823529411765,0.0235927472944519
-1.7843137254902,0.0236390828382056
-1.78039215686274,0.0236856369018042
-1.77647058823529,0.023732410922168
-1.77254901960784,0.0237794063490505
-1.76862745098039,0.0238266246450891
-1.76470588235294,0.0238740672860101
-1.76078431372549,0.0239217357608081
-1.75686274509804,0.0239696315717672
-1.75294117647059,0.0240177562347456
-1.74901960784314,0.0240661112791548
-1.74509803921569,0.0241146982483834
-1.74117647058824,0.0241635186997909
-1.73725490196078,0.0242125742046868
-1.73333333333333,0.0242618663488815
-1.72941176470588,0.0243113967325313
-1.72549019607843,0.0243611669704575
-1.72156862745098,0.0244111786922232
-1.71764705882353,0.0244614335424292
-1.71372549019608,0.0245119331807603
-1.70980392156863,0.0245626792821921
-1.70588235294118,0.024613673537165
-1.70196078431373,0.0246649176519054
-1.69803921568627,0.0247164133483392
-1.69411764705882,0.0247681623644527
-1.69019607843137,0.0248201664544989
-1.68627450980392,0.024872427389064
-1.68235294117647,0.0249249469553682
-1.67843137254902,0.0249777269574124
-1.67450980392157,0.0250307692161537
-1.67058823529412,0.0250840755697592
-1.66666666666667,0.0251376478738074
-1.66274509803922,0.025191488001396
-1.65882352941176,0.025245597843496
-1.65490196078431,0.025299979309047
-1.65098039215686,0.0253546343252594
-1.64705882352941,0.0254095648377154
-1.64313725490196,0.0254647728107642
-1.63921568627451,0.0255202602275266
-1.63529411764706,0.0255760290903394
-1.63137254901961,0.0256320814208414
-1.62745098039216,0.0256884192602314
-1.62352941176471,0.0257450446695999
-1.61960784313726,0.025801959730034
-1.6156862745098,0.0258591665429177
-1.61176470588235,0.0259166672302415
-1.6078431372549,0.0259744639347567
-1.60392156862745,0.0260325588202627
-1.6,0.026090954071898
-1.59607843137255,0.026149651896394
-1.5921568627451,0.0262086545222864
-1.58823529411765,0.0262679642002881
-1.5843137254902,0.0263275832034172
-1.58039215686275,0.0263875138274483
-1.57647058823529,0.0264477583910443
-1.57254901960784,0.0265083192361497
-1.56862745098039,0.0265691987281979
-1.56470588235294,0.0266303992565501
-1.56078431372549,0.0266919232345473
-1.55686274509804,0.0267537731000207
-1.55294117647059,0.0268159513156214
-1.54901960784314,0.0268784603689964
-1.54509803921569,0.0269413027731407
-1.54117647058824,0.0270044810667741
-1.53725490196078,0.0270679978146564
-1.53333333333333,0.0271318556079249
-1.52941176470588,0.0271960570643503
-1.52549019607843,0.0272606048288431
-1.52156862745098,0.0273255015737053
-1.51764705882353,0.0273907499986793
-1.51372549019608,0.0274563528322177
-1.50980392156863,0.0275223128307939
-1.50588235294118,0.0275886327798514
-1.50196078431373,0.0276553154941008
-1.49803921568627,0.0277223638178174
-1.49411764705882,0.0277897806252892
-1.49019607843137,0.0278575688212498
-1.48627450980392,0.0279257313412125
-1.48235294117647,0.0279942711518453
-1.47843137254902,0.0280631912515084
-1.47450980392157,0.0281324946706023
-1.47058823529412,0.0282021844720098
-1.46666666666667,0.0282722637514888
-1.46274509803922,0.0283427356381513
-1.45882352941176,0.0284136032950399
-1.45490196078431,0.0284848699193187
-1.45098039215686,0.0285565387429235
-1.44705882352941,0.0286286130329904
-1.44313725490196,0.0287010960925155
-1.43921568627451,0.0287739912601174
-1.43529411764706,0.0288473019118551
-1.43137254901961,0.0289210314603864
-1.42745098039216,0.02899518335633
-1.42352941176471,0.0290697610883823
-1.41960784313725,0.0291447681839927
-1.4156862745098,0.0292202082098813
-1.41176470588235,0.0292960847727548
-1.4078431372549,0.0293724015194513
-1.40392156862745,0.0294491621378578
-1.4,0.0295263703573233
-1.39607843137255,0.0296040299497389
-1.3921568627451,0.0296821447289227
-1.38823529411765,0.029760718552623
-1.3843137254902,0.0298397553223247
-1.38039215686275,0.029919258983832
-1.37647058823529,0.0299992335286722
-1.37254901960784,0.0300796829937615
-1.36862745098039,0.0301606114626585
-1.36470588235294,0.0302420230660559
-1.36078431372549,0.0303239219826296
-1.35686274509804,0.030406312439423
-1.35294117647059,0.0304891987128655
-1.34901960784314,0.0305725851293273
-1.34509803921569,0.0306564760659074
-1.34117647058824,0.0307408759510786
-1.33725490196078,0.0308257892656028
-1.33333333333333,0.0309112205431745
-1.32941176470588,0.03099717437139
-1.32549019607843,0.0310836553921635
-1.32156862745098,0.0311706683028766
-1.31764705882353,0.031258217857531
-1.31372549019608,0.0313463088664296
-1.30980392156863,0.0314349461984135
-1.30588235294118,0.0315241347808618
-1.30196078431373,0.0316138796005777
-1.29803921568627,0.0317041857056169
-1.29411764705882,0.0317950582049488
-1.29019607843137,0.0318865022702097
-1.28627450980392,0.0319785231363139
-1.28235294117647,0.0320711261027951
-1.27843137254902,0.0321643165343033
-1.27450980392157,0.0322580998620338
-1.27058823529412,0.0323524815844447
-1.26666666666667,0.032447467268665
-1.26274509803922,0.0325430625511547
-1.25882352941177,0.0326392731390947
-1.25490196078431,0.0327361048112365
-1.25098039215686,0.0328335634195799
-1.24705882352941,0.0329316548896931
-1.24313725490196,0.0330303852225204
-1.23921568627451,0.0331297604954537
-1.23529411764706,0.0332297868633222
-1.23137254901961,0.0333304705599785
-1.22745098039216,0.03343181789923
-1.22352941176471,0.0335338352763884
-1.21960784313725,0.0336365291694797
-1.2156862745098,0.0337399061404927
-1.21176470588235,0.0338439728369687
-1.2078431372549,0.0339487359932352
-1.20392156862745,0.0340542024318417
-1.2,0.034160379065058
-1.19607843137255,0.034267272896319
-1.1921568627451,0.0343748910217515
-1.18823529411765,0.0344832406317764
-1.1843137254902,0.0345923290125163
-1.18039215686275,0.0347021635475174
-1.17647058823529,0.0348127517193946
-1.17254901960784,0.034924101111478
-1.16862745098039,0.035036219409415
-1.16470588235294,0.0351491144030694
-1.16078431372549,0.0352627939882051
-1.15686274509804,0.035377266168247
-1.15294117647059,0.0354925390562422
-1.14901960784314,0.03560862087666
-1.14509803921569,0.0357255199672691
-1.14117647058824,0.0358432447813174
-1.13725490196078,0.0359618038892086
-1.13333333333333,0.0360812059808009
-1.12941176470588,0.0362014598674662
-1.12549019607843,0.0363225744840358
-1.12156862745098,0.0364445588912168
-1.11764705882353,0.0365674222776092
-1.11372549019608,0.0366911739621784
-1.10980392156863,0.0368158233963923
-1.10588235294118,0.036941380166669
-1.10196078431373,0.0370678539968402
-1.09803921568627,0.037195254750507
-1.09411764705882,0.0373235924336686
-1.09019607843137,0.0374528771972402
-1.08627450980392,0.0375831193397384
-1.08235294117647,0.0377143293099243
-1.07843137254902,0.0378465177096325
-1.07450980392157,0.0379796952964614
-1.07058823529412,0.0381138729867882
-1.06666666666667,0.0382490618585655
-1.06274509803922,0.0383852731545399
-1.05882352941176,0.0385225182850699
-1.05490196078431,0.0386608088314386
-1.05098039215686,0.0388001565490073
-1.04705882352941,0.0389405733705845
-1.04313725490196,0.0390820714095869
-1.03921568627451,0.0392246629637688
-1.03529411764706,0.0393683605184119
-1.03137254901961,0.0395131767503783
-1.02745098039216,0.0396591245310504
-1.02352941176471,0.0398062169308029
-1.01960784313726,0.0399544672230761
-1.0156862745098,0.0401038888870147
-1.01176470588235,0.0402544956129051
-1.0078431372549,0.0404063013055183
-1.00392156862745,0.040559320088726
-1,0.0407135663095636
-0.996078431372549,0.0408690545428666
-0.992156862745098,0.0410257995956665
-0.988235294117647,0.0411838165119604
-0.984313725490196,0.0413431205773797
-0.980392156862746,0.0415037273241198
-0.976470588235294,0.0416656525359345
-0.972549019607843,0.0418289122532334
-0.968627450980392,0.0419935227783938
-0.964705882352941,0.0421595006809626
-0.96078431372549,0.0423268628034726
-0.956862745098039,0.0424956262666691
-0.952941176470589,0.0426658084758467
-0.949019607843137,0.0428374271260426
-0.945098039215687,0.0430105002087101
-0.941176470588235,0.0431850460182991
-0.937254901960785,0.0433610831572487
-0.933333333333333,0.0435386305440219
-0.929411764705882,0.0437177074189794
-0.925490196078432,0.0438983333516813
-0.92156862745098,0.0440805282476779
-0.91764705882353,0.0442643123560216
-0.913725490196078,0.0444497062765176
-0.909803921568628,0.0446367309674905
-0.905882352941177,0.0448254077535606
-0.901960784313726,0.0450157583337322
-0.898039215686275,0.0452078047896323
-0.894117647058824,0.0454015695940518
-0.890196078431373,0.0455970756195526
-0.886274509803922,0.0457943461475453
-0.882352941176471,0.0459934048773933
-0.87843137254902,0.0461942759358457
-0.874509803921569,0.0463969838867757
-0.870588235294118,0.0466015537411671
-0.866666666666667,0.0468080109672789
-0.862745098039216,0.047016381501155
-0.858823529411765,0.0472266917575244
-0.854901960784314,0.0474389686408893
-0.850980392156863,0.0476532395568767
-0.847058823529412,0.0478695324240802
-0.843137254901961,0.0480878756860155
-0.83921568627451,0.0483082983237273
-0.835294117647059,0.0485308298684728
-0.831372549019608,0.0487555004146737
-0.827450980392157,0.0489823406338598
-0.823529411764706,0.0492113817882111
-0.819607843137255,0.0494426557450903
-0.815686274509804,0.0496761949916535
-0.811764705882353,0.0499120326501362
-0.807843137254902,0.0501502024934496
-0.803921568627451,0.0503907389612433
-0.8,0.0506336771764468
-0.796078431372549,0.0508790529624284
-0.792156862745098,0.0511269028605287
-0.788235294117647,0.0513772641482148
-0.784313725490196,0.0516301748575886
-0.780392156862745,0.0518856737949073
-0.776470588235294,0.0521438005602671
-0.772549019607843,0.0524045955679855
-0.768627450980393,0.0526681000678317
-0.764705882352941,0.0529343561665891
-0.76078431372549,0.0532034068507887
-0.756862745098039,0.0534752960097268
-0.752941176470588,0.0537500684589152
-0.749019607843138,0.0540277699654697
-0.745098039215686,0.0543084472730828
-0.741176470588236,0.0545921481283931
-0.737254901960784,0.0548789213079313
-0.733333333333334,0.0551688166465141
-0.729411764705882,0.0554618850658179
-0.725490196078432,0.0557581786044765
-0.721568627450981,0.0560577504483639
-0.71764705882353,0.0563606549637794
-0.713725490196079,0.0566669477292883
-0.709803921568627,0.0569766855692858
-0.705882352941177,0.0572899265919043
-0.701960784313725,0.0576067302219037
-0.698039215686275,0.0579271572413102
-0.694117647058824,0.0582512698267185
-0.690196078431373,0.0585791315905927
-0.686274509803922,0.0589108076222975
-0.682352941176471,0.0592463645322329
-0.67843137254902,0.0595858704957841
-0.674509803921569,0.0599293953004155
-0.670588235294118,0.0602770103931084
-0.666666666666667,0.0606287889308384
-0.662745098039216,0.0609848058315105
-0.658823529411765,0.0613451378279656
-0.654901960784314,0.0617098635230932
-0.650980392156863,0.0620790634476962
-0.647058823529412,0.0624528201198773
-0.643137254901961,0.062831218106685
-0.63921568627451,0.0632143440893256
-0.635294117647059,0.0636022869288815
-0.631372549019608,0.0639951377349783
-0.627450980392157,0.0643929899404819
-0.623529411764706,0.0647959393720743
-0.619607843137255,0.0652040843314285
-0.615686274509804,0.0656175256734834
-0.611764705882353,0.0660363668918674
-0.607843137254902,0.0664607142044896
-0.603921568627451,0.0668906766457121
-0.6,0.0673263661593066
-0.596078431372549,0.0677678976977104
-0.592156862745098,0.0682153893230369
-0.588235294117647,0.0686689623144969
-0.584313725490196,0.0691287412781741
-0.580392156862745,0.0695948542632519
-0.576470588235294,0.0700674328812963
-0.572549019607843,0.0705466124325964
-0.568627450980392,0.0710325320359863
-0.564705882352942,0.0715253347655929
-0.56078431372549,0.0720251677926718
-0.55686274509804,0.0725321825344477
-0.552941176470588,0.0730465348084575
-0.549019607843138,0.0735683849949053
-0.545098039215686,0.0740978982051028
-0.541176470588235,0.0746352444584231
-0.537254901960785,0.075180598866912
-0.533333333333333,0.0757341418274242
-0.529411764705883,0.0762960592256118
-0.525490196078431,0.076866542645159
-0.521568627450981,0.0774457895889992
-0.517647058823529,0.0780340037127884
-0.513725490196079,0.0786313950653202
-0.509803921568628,0.0792381803444884
-0.505882352941177,0.0798545831624516
-0.501960784313726,0.0804808343262271
-0.498039215686275,0.0811171721300245
-0.494117647058824,0.081763842663935
-0.490196078431372,0.0824211001362286
-0.486274509803922,0.0830892072135774
-0.482352941176471,0.0837684353771783
-0.47843137254902,0.0844590652983501
-0.474509803921569,0.0851613872325216
-0.470588235294118,0.0858757014346917
-0.466666666666667,0.0866023185961305
-0.462745098039216,0.0873415603046492
-0.458823529411765,0.0880937595298553
-0.454901960784314,0.0888592611331379
-0.450980392156863,0.0896384224091893
-0.447058823529412,0.0904316136527399
-0.443137254901961,0.091239218759398
-0.43921568627451,0.0920616358619196
-0.435294117647059,0.0928992779986705
-0.431372549019608,0.0937525738243984
-0.427450980392157,0.0946219683591087
-0.423529411764706,0.0955079237833096
-0.419607843137255,0.0964109202782953
-0.415686274509804,0.0973314569184554
-0.411764705882353,0.0982700526158297
-0.407843137254902,0.0992272471239652
-0.403921568627451,0.100203602102193
-0.4,0.101199702247863
-0.396078431372549,0.102216156498414
-0.392156862745098,0.103253599311598
-0.388235294117647,0.104312692026977
-0.384313725490196,0.105394124317401
-0.380392156862746,0.106498615735173
-0.376470588235294,0.107626917362307
-0.372549019607843,0.108779813571449
-0.368627450980392,0.109958123907931
-0.364705882352941,0.111162705101162
-0.36078431372549,0.11239445321755
-0.356862745098039,0.113654305965239
-0.352941176470589,0.114943245165296
-0.349019607843137,0.11626229940111
-0.345098039215687,0.117612546864133
-0.341176470588235,0.118995118410653
-0.337254901960785,0.120411200850486
-0.333333333333333,0.12186204048683
-0.329411764705883,0.123348946930979
-0.325490196078432,0.124873297217307
-0.32156862745098,0.126436540246384
-0.31764705882353,0.128040201587633
-0.313725490196078,0.129685888676161
-0.309803921568628,0.131375296442325
-0.305882352941177,0.133110213417251
-0.301960784313726,0.134892528361916
-0.298039215686275,0.136724237473782
-0.294117647058824,0.138607452230904
-0.290196078431373,0.140544407941085
-0.286274509803922,0.142537473071327
-0.282352941176471,0.144589159443397
-0.27843137254902,0.146702133391144
-0.274509803921569,0.14887922798848
-0.270588235294118,0.151123456470509
-0.266666666666667,0.153438026988062
-0.262745098039216,0.155826358852904
-0.258823529411765,0.158292100455996
-0.254901960784314,0.160839149063363
-0.250980392156863,0.163471672727001
-0.247058823529412,0.166194134580973
-0.243137254901961,0.169011319835069
-0.23921568627451,0.171928365824871
-0.235294117647059,0.174950795534841
-0.231372549019608,0.178084555075579
-0.227450980392157,0.181336055677694
-0.223529411764706,0.184712220855214
-0.219607843137255,0.188220539506005
-0.215686274509804,0.191869125848035
-0.211764705882353,0.195666787252402
-0.207843137254902,0.199623101226205
-0.203921568627451,0.203748503035256
-0.2,0.208054385739279
-0.196078431372549,0.212553214764545
-0.192156862745098,0.217258659564242
-0.188235294117647,0.222185745449661
-0.184313725490196,0.227351029327807
-0.180392156862745,0.23277280390456
-0.176470588235294,0.238471335935836
-0.172549019607843,0.244469145410895
-0.168627450980393,0.250791334196192
-0.164705882352941,0.257465974781332
-0.160784313725491,0.264524572479085
-0.156862745098039,0.272002617963725
-0.152941176470588,0.279940251637023
-0.149019607843138,0.288383067406055
-0.145098039215686,0.29738309155401
-0.141176470588236,0.306999983288246
-0.137254901960784,0.317302518346305
-0.133333333333334,0.328370437374451
-0.129411764705882,0.340296769043881
-0.125490196078432,0.353190777651371
-0.121568627450981,0.367181741716558
-0.11764705882353,0.382423852349049
-0.113725490196079,0.399102641274638
-0.109803921568628,0.417443529984665
-0.105882352941177,0.437723368980743
-0.101960784313725,0.460286269482799
-0.0980392156862747,0.485565723032485
-0.094117647058824,0.51411614254934
-0.0901960784313727,0.546658883661477
-0.0862745098039219,0.584151173132943
-0.0823529411764706,0.627892492734994
-0.0784313725490199,0.679694594046783
-0.0745098039215686,0.742164566370379
-0.0705882352941178,0.819199762544176
-0.0666666666666671,0.91690621998693
-0.0627450980392158,1.04543417387773
-0.0588235294117651,1.22301332517339
-0.0549019607843138,1.48603318960872
-0.050980392156863,1.91925421940261
-0.0470588235294117,2.77646531050237
-0.043137254901961,5.32218598502129
-0.0392156862745102,1275.2211980199
-0.0352941176470589,4.85220418623696
-0.0313725490196082,2.2720280555156
-0.0274509803921569,1.40259503132947
-0.0235294117647061,0.957931887774558
-0.0196078431372548,0.681326223745214
-0.0156862745098041,0.486942674974606
-0.0117647058823533,0.337593596193136
-0.00784313725490204,0.214239043111164
-0.0039215686274513,0.106218253453099
5.55111512312578e-16,0.0253865517229533
0.0039215686274513,0.106218253453099
0.0078431372549026,0.214239043111164
0.0117647058823533,0.337593596193136
0.0156862745098041,0.486942674974606
0.0196078431372554,0.681326223745214
0.0235294117647061,0.957931887774558
0.0274509803921574,1.40259503132947
0.0313725490196082,2.2720280555156
0.0352941176470595,4.85220418623696
0.0392156862745102,1275.2211980199
0.043137254901961,5.32218598502129
0.0470588235294123,2.77646531050237
0.050980392156863,1.91925421940261
0.0549019607843143,1.48603318960872
0.0588235294117651,1.22301332517339
0.0627450980392164,1.04543417387773
0.0666666666666671,0.91690621998693
0.0705882352941178,0.819199762544176
0.0745098039215691,0.742164566370379
0.0784313725490199,0.679694594046783
0.0823529411764712,0.627892492734994
0.0862745098039219,0.584151173132943
0.0901960784313732,0.546658883661477
0.094117647058824,0.51411614254934
0.0980392156862747,0.485565723032485
0.101960784313726,0.460286269482799
0.105882352941177,0.437723368980743
0.109803921568628,0.417443529984665
0.113725490196079,0.399102641274638
0.11764705882353,0.382423852349049
0.121568627450981,0.367181741716558
0.125490196078432,0.353190777651371
0.129411764705883,0.340296769043881
0.133333333333334,0.328370437374451
0.137254901960785,0.317302518346305
0.141176470588236,0.306999983288246
0.145098039215687,0.29738309155401
0.149019607843138,0.288383067406055
0.152941176470588,0.279940251637023
0.15686274509804,0.272002617963725
0.160784313725491,0.264524572479085
0.164705882352942,0.257465974781332
0.168627450980393,0.250791334196192
0.172549019607843,0.244469145410895
0.176470588235295,0.238471335935836
0.180392156862745,0.23277280390456
0.184313725490197,0.227351029327807
0.188235294117647,0.222185745449661
0.192156862745099,0.217258659564242
0.196078431372549,0.212553214764545
0.2,0.208054385739279
0.203921568627451,0.203748503035256
0.207843137254902,0.199623101226205
0.211764705882354,0.195666787252402
0.215686274509804,0.191869125848035
0.219607843137256,0.188220539506005
0.223529411764706,0.184712220855214
0.227450980392157,0.181336055677694
0.231372549019608,0.178084555075579
0.235294117647059,0.174950795534841
0.23921568627451,0.171928365824871
0.243137254901961,0.169011319835069
0.247058823529412,0.166194134580973
0.250980392156863,0.163471672727001
0.254901960784314,0.160839149063363
0.258823529411765,0.158292100455996
0.262745098039216,0.155826358852904
0.266666666666667,0.153438026988062
0.270588235294118,0.151123456470509
0.274509803921569,0.14887922798848
0.27843137254902,0.146702133391144
0.282352941176471,0.144589159443397
0.286274509803922,0.142537473071327
0.290196078431373,0.140544407941085
0.294117647058824,0.138607452230904
0.298039215686275,0.136724237473782
0.301960784313726,0.134892528361916
0.305882352941177,0.133110213417251
0.309803921568628,0.131375296442325
0.313725490196079,0.129685888676161
0.31764705882353,0.128040201587633
0.321568627450981,0.126436540246384
0.325490196078432,0.124873297217307
0.329411764705883,0.123348946930979
0.333333333333334,0.12186204048683
0.337254901960785,0.120411200850486
0.341176470588236,0.118995118410653
0.345098039215687,0.117612546864133
0.349019607843138,0.11626229940111
0.352941176470589,0.114943245165296
0.356862745098039,0.113654305965239
0.360784313725491,0.11239445321755
0.364705882352941,0.111162705101162
0.368627450980393,0.109958123907931
0.372549019607843,0.108779813571449
0.376470588235295,0.107626917362307
0.380392156862746,0.106498615735173
0.384313725490196,0.105394124317401
0.388235294117648,0.104312692026977
0.392156862745098,0.103253599311598
0.39607843137255,0.102216156498414
0.4,0.101199702247863
0.403921568627452,0.100203602102193
0.407843137254902,0.0992272471239652
0.411764705882353,0.0982700526158297
0.415686274509804,0.0973314569184554
0.419607843137255,0.0964109202782953
0.423529411764706,0.0955079237833096
0.427450980392157,0.0946219683591087
0.431372549019609,0.0937525738243984
0.435294117647059,0.0928992779986705
0.43921568627451,0.0920616358619196
0.443137254901961,0.091239218759398
0.447058823529412,0.0904316136527399
0.450980392156863,0.0896384224091893
0.454901960784314,0.0888592611331379
0.458823529411765,0.0880937595298553
0.462745098039216,0.0873415603046492
0.466666666666667,0.0866023185961305
0.470588235294118,0.0858757014346917
0.474509803921569,0.0851613872325216
0.47843137254902,0.0844590652983501
0.482352941176471,0.0837684353771783
0.486274509803922,0.0830892072135774
0.490196078431373,0.0824211001362286
0.494117647058824,0.081763842663935
0.498039215686275,0.0811171721300245
0.501960784313726,0.0804808343262271
0.505882352941177,0.0798545831624516
0.509803921568628,0.0792381803444884
0.513725490196079,0.0786313950653202
0.51764705882353,0.0780340037127884
0.521568627450981,0.0774457895889992
0.525490196078432,0.076866542645159
0.529411764705883,0.0762960592256118
0.533333333333334,0.0757341418274242
0.537254901960785,0.075180598866912
0.541176470588235,0.0746352444584231
0.545098039215687,0.0740978982051028
0.549019607843138,0.0735683849949053
0.552941176470589,0.0730465348084575
0.55686274509804,0.0725321825344477
0.560784313725491,0.0720251677926718
0.564705882352942,0.0715253347655929
0.568627450980392,0.0710325320359863
0.572549019607844,0.0705466124325964
0.576470588235294,0.0700674328812963
0.580392156862746,0.0695948542632519
0.584313725490196,0.0691287412781741
0.588235294117648,0.0686689623144969
0.592156862745098,0.0682153893230369
0.596078431372549,0.0677678976977104
0.600000000000001,0.0673263661593066
0.603921568627451,0.0668906766457121
0.607843137254903,0.0664607142044896
0.611764705882353,0.0660363668918674
0.615686274509804,0.0656175256734834
0.619607843137255,0.0652040843314285
0.623529411764706,0.0647959393720743
0.627450980392157,0.0643929899404819
0.631372549019608,0.0639951377349783
0.635294117647059,0.0636022869288815
0.63921568627451,0.0632143440893256
0.643137254901961,0.062831218106685
0.647058823529412,0.0624528201198773
0.650980392156863,0.0620790634476962
0.654901960784314,0.0617098635230932
0.658823529411765,0.0613451378279656
0.662745098039216,0.0609848058315105
0.666666666666667,0.0606287889308384
0.670588235294118,0.0602770103931084
0.674509803921569,0.0599293953004155
0.67843137254902,0.0595858704957841
0.682352941176471,0.0592463645322329
0.686274509803922,0.0589108076222975
0.690196078431373,0.0585791315905927
0.694117647058824,0.0582512698267185
0.698039215686275,0.0579271572413102
0.701960784313726,0.0576067302219037
0.705882352941177,0.0572899265919043
0.709803921568628,0.0569766855692858
0.713725490196079,0.0566669477292883
0.71764705882353,0.0563606549637794
0.721568627450981,0.0560577504483639
0.725490196078432,0.0557581786044765
0.729411764705883,0.0554618850658179
0.733333333333334,0.0551688166465141
0.737254901960785,0.0548789213079313
0.741176470588236,0.0545921481283931
0.745098039215687,0.0543084472730828
0.749019607843138,0.0540277699654697
0.752941176470588,0.0537500684589152
0.75686274509804,0.0534752960097268
0.76078431372549,0.0532034068507887
0.764705882352942,0.0529343561665891
0.768627450980393,0.0526681000678317
0.772549019607843,0.0524045955679855
0.776470588235295,0.0521438005602671
0.780392156862745,0.0518856737949073
0.784313725490197,0.0516301748575886
0.788235294117647,0.0513772641482148
0.792156862745099,0.0511269028605287
0.796078431372549,0.0508790529624284
0.8,0.0506336771764468
0.803921568627451,0.0503907389612433
0.807843137254902,0.0501502024934496
0.811764705882353,0.0499120326501362
0.815686274509804,0.0496761949916535
0.819607843137256,0.0494426557450903
0.823529411764706,0.0492113817882111
0.827450980392157,0.0489823406338598
0.831372549019608,0.0487555004146737
0.835294117647059,0.0485308298684728
0.83921568627451,0.0483082983237273
0.843137254901961,0.0480878756860155
0.847058823529412,0.0478695324240802
0.850980392156863,0.0476532395568767
0.854901960784314,0.0474389686408893
0.858823529411765,0.0472266917575244
0.862745098039216,0.047016381501155
0.866666666666667,0.0468080109672789
0.870588235294118,0.0466015537411671
0.874509803921569,0.0463969838867757
0.87843137254902,0.0461942759358457
0.882352941176471,0.0459934048773933
0.886274509803922,0.0457943461475453
0.890196078431373,0.0455970756195526
0.894117647058824,0.0454015695940518
0.898039215686275,0.0452078047896323
0.901960784313726,0.0450157583337322
0.905882352941177,0.0448254077535606
0.909803921568628,0.0446367309674905
0.913725490196079,0.0444497062765176
0.91764705882353,0.0442643123560216
0.921568627450981,0.0440805282476779
0.925490196078432,0.0438983333516813
0.929411764705882,0.0437177074189794
0.933333333333334,0.0435386305440219
0.937254901960785,0.0433610831572487
0.941176470588236,0.0431850460182991
0.945098039215687,0.0430105002087101
0.949019607843138,0.0428374271260426
0.952941176470589,0.0426658084758467
0.956862745098039,0.0424956262666691
0.960784313725491,0.0423268628034726
0.964705882352941,0.0421595006809626
0.968627450980393,0.0419935227783938
0.972549019607843,0.0418289122532334
0.976470588235295,0.0416656525359345
0.980392156862746,0.0415037273241198
0.984313725490196,0.0413431205773797
0.988235294117648,0.0411838165119604
0.992156862745098,0.0410257995956665
0.99607843137255,0.0408690545428666
1,0.0407135663095636
1.00392156862745,0.040559320088726
1.0078431372549,0.0404063013055183
1.01176470588235,0.0402544956129051
1.0156862745098,0.0401038888870147
1.01960784313726,0.0399544672230761
1.02352941176471,0.0398062169308029
1.02745098039216,0.0396591245310504
1.03137254901961,0.0395131767503783
1.03529411764706,0.0393683605184119
1.03921568627451,0.0392246629637688
1.04313725490196,0.0390820714095869
1.04705882352941,0.0389405733705845
1.05098039215686,0.0388001565490073
1.05490196078431,0.0386608088314386
1.05882352941176,0.0385225182850699
1.06274509803922,0.0383852731545399
1.06666666666667,0.0382490618585655
1.07058823529412,0.0381138729867882
1.07450980392157,0.0379796952964614
1.07843137254902,0.0378465177096325
1.08235294117647,0.0377143293099243
1.08627450980392,0.0375831193397384
1.09019607843137,0.0374528771972402
1.09411764705882,0.0373235924336686
1.09803921568628,0.037195254750507
1.10196078431373,0.0370678539968402
1.10588235294118,0.036941380166669
1.10980392156863,0.0368158233963923
1.11372549019608,0.0366911739621784
1.11764705882353,0.0365674222776092
1.12156862745098,0.0364445588912168
1.12549019607843,0.0363225744840358
1.12941176470588,0.0362014598674662
1.13333333333333,0.0360812059808009
1.13725490196078,0.0359618038892086
1.14117647058824,0.0358432447813174
1.14509803921569,0.0357255199672691
1.14901960784314,0.03560862087666
1.15294117647059,0.0354925390562422
1.15686274509804,0.035377266168247
1.16078431372549,0.0352627939882051
1.16470588235294,0.0351491144030694
1.16862745098039,0.035036219409415
1.17254901960784,0.034924101111478
1.17647058823529,0.0348127517193946
1.18039215686275,0.0347021635475174
1.1843137254902,0.0345923290125163
1.18823529411765,0.0344832406317764
1.1921568627451,0.0343748910217515
1.19607843137255,0.034267272896319
1.2,0.034160379065058
1.20392156862745,0.0340542024318417
1.2078431372549,0.0339487359932352
1.21176470588235,0.0338439728369687
1.2156862745098,0.0337399061404927
1.21960784313726,0.0336365291694797
1.22352941176471,0.0335338352763884
1.22745098039216,0.03343181789923
1.23137254901961,0.0333304705599785
1.23529411764706,0.0332297868633222
1.23921568627451,0.0331297604954537
1.24313725490196,0.0330303852225204
1.24705882352941,0.0329316548896931
1.25098039215686,0.0328335634195799
1.25490196078431,0.0327361048112365
1.25882352941177,0.0326392731390947
1.26274509803922,0.0325430625511547
1.26666666666667,0.032447467268665
1.27058823529412,0.0323524815844447
1.27450980392157,0.0322580998620338
1.27843137254902,0.0321643165343033
1.28235294117647,0.0320711261027951
1.28627450980392,0.0319785231363139
1.29019607843137,0.0318865022702097
1.29411764705882,0.0317950582049488
1.29803921568627,0.0317041857056169
1.30196078431373,0.0316138796005777
1.30588235294118,0.0315241347808618
1.30980392156863,0.0314349461984135
1.31372549019608,0.0313463088664296
1.31764705882353,0.031258217857531
1.32156862745098,0.0311706683028766
1.32549019607843,0.0310836553921635
1.32941176470588,0.03099717437139
1.33333333333333,0.0309112205431745
1.33725490196078,0.0308257892656028
1.34117647058824,0.0307408759510786
1.34509803921569,0.0306564760659074
1.34901960784314,0.0305725851293273
1.35294117647059,0.0304891987128655
1.35686274509804,0.030406312439423
1.36078431372549,0.0303239219826296
1.36470588235294,0.0302420230660559
1.36862745098039,0.0301606114626585
1.37254901960784,0.0300796829937615
1.37647058823529,0.0299992335286722
1.38039215686275,0.029919258983832
1.3843137254902,0.0298397553223247
1.38823529411765,0.029760718552623
1.3921568627451,0.0296821447289227
1.39607843137255,0.0296040299497389
1.4,0.0295263703573233
1.40392156862745,0.0294491621378578
1.4078431372549,0.0293724015194513
1.41176470588235,0.0292960847727548
1.4156862745098,0.0292202082098813
1.41960784313726,0.0291447681839927
1.42352941176471,0.0290697610883823
1.42745098039216,0.02899518335633
1.43137254901961,0.0289210314603864
1.43529411764706,0.0288473019118551
1.43921568627451,0.0287739912601174
1.44313725490196,0.0287010960925155
1.44705882352941,0.0286286130329904
1.45098039215686,0.0285565387429235
1.45490196078431,0.0284848699193187
1.45882352941177,0.0284136032950399
1.46274509803922,0.0283427356381513
1.46666666666667,0.0282722637514888
1.47058823529412,0.0282021844720098
1.47450980392157,0.0281324946706023
1.47843137254902,0.0280631912515084
1.48235294117647,0.0279942711518453
1.48627450980392,0.0279257313412125
1.49019607843137,0.0278575688212498
1.49411764705882,0.0277897806252892
1.49803921568627,0.0277223638178174
1.50196078431373,0.0276553154941008
1.50588235294118,0.0275886327798514
1.50980392156863,0.0275223128307939
1.51372549019608,0.0274563528322177
1.51764705882353,0.0273907499986793
1.52156862745098,0.0273255015737053
1.52549019607843,0.0272606048288431
1.52941176470588,0.0271960570643503
1.53333333333333,0.0271318556079249
1.53725490196078,0.0270679978146564
1.54117647058824,0.0270044810667741
1.54509803921569,0.0269413027731407
1.54901960784314,0.0268784603689964
1.55294117647059,0.0268159513156214
1.55686274509804,0.0267537731000207
1.56078431372549,0.0266919232345473
1.56470588235294,0.0266303992565501
1.56862745098039,0.0265691987281979
1.57254901960784,0.0265083192361497
1.57647058823529,0.0264477583910443
1.58039215686275,0.0263875138274483
1.5843137254902,0.0263275832034172
1.58823529411765,0.0262679642002881
1.5921568627451,0.0262086545222864
1.59607843137255,0.026149651896394
1.6,0.026090954071898
1.60392156862745,0.0260325588202627
1.6078431372549,0.0259744639347567
1.61176470588235,0.0259166672302415
1.6156862745098,0.0258591665429177
1.61960784313726,0.025801959730034
1.62352941176471,0.0257450446695999
1.62745098039216,0.0256884192602314
1.63137254901961,0.0256320814208414
1.63529411764706,0.0255760290903394
1.63921568627451,0.0255202602275266
1.64313725490196,0.0254647728107642
1.64705882352941,0.0254095648377154
1.65098039215686,0.0253546343252594
1.65490196078431,0.025299979309047
1.65882352941176,0.025245597843496
1.66274509803922,0.025191488001396
1.66666666666667,0.0251376478738074
1.67058823529412,0.0250840755697592
1.67450980392157,0.0250307692161537
1.67843137254902,0.0249777269574124
1.68235294117647,0.0249249469553682
1.68627450980392,0.024872427389064
1.69019607843137,0.0248201664544989
1.69411764705882,0.0247681623644527
1.69803921568628,0.0247164133483392
1.70196078431373,0.0246649176519054
1.70588235294118,0.024613673537165
1.70980392156863,0.0245626792821921
1.71372549019608,0.0245119331807603
1.71764705882353,0.0244614335424292
1.72156862745098,0.0244111786922232
1.72549019607843,0.0243611669704575
1.72941176470588,0.0243113967325313
1.73333333333333,0.0242618663488815
1.73725490196078,0.0242125742046868
1.74117647058824,0.0241635186997909
1.74509803921569,0.0241146982483834
1.74901960784314,0.0240661112791548
1.75294117647059,0.0240177562347456
1.75686274509804,0.0239696315717672
1.76078431372549,0.0239217357608081
1.76470588235294,0.0238740672860101
1.76862745098039,0.0238266246450891
1.77254901960784,0.0237794063490505
1.77647058823529,0.023732410922168
1.78039215686275,0.0236856369018042
1.7843137254902,0.0236390828382056
1.78823529411765,0.0235927472944519
1.7921568627451,0.0235466288461935
1.79607843137255,0.0235007260816772
1.8,0.0234550376014613
1.80392156862745,0.0234095620183779
1.8078431372549,0.0233642979572839
1.81176470588235,0.0233192440551349
1.8156862745098,0.0232743989605913
1.81960784313726,0.0232297613341818
1.82352941176471,0.0231853298478082
1.82745098039216,0.0231411031850965
1.83137254901961,0.0230970800408159
1.83529411764706,0.0230532591209527
1.83921568627451,0.023009639142752
1.84313725490196,0.022966218834329
1.84705882352941,0.022922996934629
1.85098039215686,0.0228799721934552
1.85490196078431,0.0228371433711283
1.85882352941176,0.0227945092385758
1.86274509803922,0.0227520685770938
1.86666666666667,0.0227098201783131
1.87058823529412,0.0226677628439837
1.87450980392157,0.022625895386064
1.87843137254902,0.0225842166264004
1.88235294117647,0.022542725396737
1.88627450980392,0.0225014205385924
1.89019607843137,0.022460300903172
1.89411764705882,0.0224193653512253
1.89803921568627,0.0223786127530368
1.90196078431373,0.0223380419881732
1.90588235294118,0.0222976519455197
1.90980392156863,0.0222574415232023
1.91372549019608,0.0222174096283441
1.91764705882353,0.0221775551771641
1.92156862745098,0.0221378770946453
1.92549019607843,0.0220983743147176
1.92941176470588,0.0220590457799905
1.93333333333333,0.0220198904417033
1.93725490196078,0.0219809072596253
1.94117647058824,0.0219420952018547
1.94509803921569,0.0219034532453209
1.94901960784314,0.0218649803746564
1.95294117647059,0.0218266755831578
1.95686274509804,0.0217885378719653
1.96078431372549,0.0217505662504374
1.96470588235294,0.0217127597357418
1.96862745098039,0.0216751173530825
1.97254901960784,0.0216376381353663
1.97647058823529,0.021600321123268
1.98039215686275,0.0215631653650727
1.9843137254902,0.0215261699167536
1.98823529411765,0.0214893338416853
1.9921568627451,0.0214526562105363
1.99607843137255,0.0214161361017972
2,0.0213797726005947
2.00392156862745,0.0213435647997835
2.0078431372549,0.0213075117991329
2.01176470588235,0.021271612705568
2.0156862745098,0.0212358666328703
2.01960784313726,0.021200272701794
2.02352941176471,0.0211648300402562
2.02745098039216,0.0211295377825529
2.03137254901961,0.0210943950699558
2.03529411764706,0.0210594010503126
2.03921568627451,0.0210245548781574
2.04313725490196,0.0209898557144546
2.04705882352941,0.0209553027267547
2.05098039215686,0.0209208950889633
2.05490196078431,0.0208866319813823
2.05882352941177,0.020852512590483
2.06274509803922,0.0208185361092041
2.06666666666667,0.0207847017364862
2.07058823529412,0.0207510086772919
2.07450980392157,0.0207174561430734
2.07843137254902,0.0206840433506772
2.08235294117647,0.0206507695233724
2.08627450980392,0.0206176338901447
2.09019607843137,0.0205846356858173
2.09411764705882,0.0205517741509454
2.09803921568628,0.0205190485319093
2.10196078431373,0.0204864580807124
2.10588235294118,0.0204540020549824
2.10980392156863,0.020421679717863
2.11372549019608,0.0203894903381141
2.11764705882353,0.0203574331898912
2.12156862745098,0.0203255075527855
2.12549019607843,0.0202937127117458
2.12941176470588,0.0202620479569793
2.13333333333333,0.0202305125841038
2.13725490196078,0.0201991058937992
2.14117647058824,0.0201678271919912
2.14509803921569,0.0201366757897528
2.14901960784314,0.0201056510031703
2.15294117647059,0.0200747521533584
2.15686274509804,0.0200439785664679
2.16078431372549,0.0200133295735939
2.16470588235294,0.0199828045106196
2.16862745098039,0.0199524027183895
2.17254901960784,0.0199221235425058
2.17647058823529,0.0198919663333588
2.18039215686275,0.019861930446035
2.1843137254902,0.0198320152402704
2.18823529411765,0.0198022200804993
2.1921568627451,0.0197725443357013
2.19607843137255,0.0197429873794387
2.2,0.019713548589769
2.20392156862745,0.0196842273492469
2.2078431372549,0.0196550230447535
2.21176470588235,0.0196259350677391
2.2156862745098,0.0195969628138627
2.21960784313726,0.019568105683188
2.22352941176471,0.0195393630799847
2.22745098039216,0.019510734412833
2.23137254901961,0.0194822190944214
2.23529411764706,0.0194538165417431
2.23921568627451,0.0194255261757047
2.24313725490196,0.0193973474217268
2.24705882352941,0.0193692797086436
2.25098039215686,0.0193413224698335
2.25490196078431,0.0193134751425356
2.25882352941176,0.0192857371678629
2.26274509803922,0.0192581079908717
2.26666666666667,0.0192305870605591
2.27058823529412,0.0192031738296843
2.27450980392157,0.0191758677549139
2.27843137254902,0.0191486682966378
2.28235294117647,0.0191215749190252
2.28627450980392,0.0190945870899588
2.29019607843137,0.0190677042810158
2.29411764705882,0.0190409259674019
2.29803921568628,0.0190142516280115
2.30196078431373,0.0189876807452307
2.30588235294118,0.0189612128051501
2.30980392156863,0.0189348472972586
2.31372549019608,0.0189085837146864
2.31764705882353,0.0188824215538133
2.32156862745098,0.018856360314833
2.32549019607843,0.0188303995009008
2.32941176470588,0.0188045386189118
2.33333333333333,0.0187787771790051
2.33725490196078,0.018753114694623
2.34117647058824,0.018727550682558
2.34509803921569,0.0187020846628406
2.34901960784314,0.0186767161587534
2.35294117647059,0.0186514446968289
2.35686274509804,0.0186262698067838
2.36078431372549,0.0186011910214724
2.36470588235294,0.0185762078769195
2.36862745098039,0.0185513199122983
2.37254901960784,0.0185265266697828
2.37647058823529,0.0185018276947002
2.38039215686275,0.0184772225353554
2.3843137254902,0.0184527107431006
2.38823529411765,0.0184282918722825
2.3921568627451,0.0184039654802126
2.39607843137255,0.0183797311270885
2.4,0.0183555883760843
2.40392156862745,0.0183315367932821
2.4078431372549,0.0183075759475754
2.41176470588235,0.0182837054107313
2.4156862745098,0.0182599247573503
2.41960784313726,0.0182362335648494
2.42352941176471,0.018212631413348
2.42745098039216,0.0181891178858511
2.43137254901961,0.0181656925678669
2.43529411764706,0.0181423550479166
2.43921568627451,0.0181191049170934
2.44313725490196,0.0180959417689453
2.44705882352941,0.0180728652000368
2.45098039215686,0.0180498748092434
2.45490196078431,0.0180269701982571
2.45882352941176,0.0180041509712123
2.46274509803922,0.0179814167348999
2.46666666666667,0.0179587670986007
2.47058823529412,0.0179362016741683
2.47450980392157,0.017913720075893
2.47843137254902,0.017891321920616
2.48235294117647,0.0178690068276053
2.48627450980392,0.0178467744185776
2.49019607843137,0.0178246243176589
2.49411764705882,0.017802556151434
2.49803921568627,0.0177805695488342
2.50196078431373,0.0177586641411726
2.50588235294118,0.0177368395621137
2.50980392156863,0.0177150954475884
2.51372549019608,0.0176934314359481
2.51764705882353,0.0176718471678758
2.52156862745098,0.0176503422861382
2.52549019607843,0.0176289164359207
2.52941176470588,0.0176075692646074
2.53333333333333,0.0175863004218228
2.53725490196079,0.0175651095593556
2.54117647058824,0.0175439963312474
2.54509803921569,0.0175229603936824
2.54901960784314,0.0175020014050016
2.55294117647059,0.0174811190256465
2.55686274509804,0.0174603129183425
2.56078431372549,0.0174395827477463
2.56470588235294,0.0174189281806495
2.56862745098039,0.0173983488859827
2.57254901960784,0.0173778445347039
2.57647058823529,0.0173574147998053
2.58039215686275,0.0173370593563456
2.5843137254902,0.0173167778813286
2.58823529411765,0.0172965700538449
2.5921568627451,0.0172764355548976
2.59607843137255,0.0172563740674944
2.6,0.017236385276642
2.60392156862745,0.0172164688691467
2.6078431372549,0.0171966245339483
2.61176470588235,0.0171768519617008
2.6156862745098,0.0171571508450952
2.61960784313725,0.0171375208785933
2.62352941176471,0.0171179617586187
2.62745098039216,0.0170984731834223
2.63137254901961,0.0170790548530684
2.63529411764706,0.0170597064695216
2.63921568627451,0.0170404277364618
2.64313725490196,0.0170212183594448
2.64705882352941,0.0170020780457701
2.65098039215686,0.0169830065045318
2.65490196078431,0.0169640034465827
2.65882352941177,0.0169450685845598
2.66274509803922,0.0169262016327542
2.66666666666667,0.0169074023073805
2.67058823529412,0.0168886703259534
2.67450980392157,0.0168700054081316
2.67843137254902,0.0168514072750819
2.68235294117647,0.0168328756495556
2.68627450980392,0.0168144102561073
2.69019607843137,0.0167960108208476
2.69411764705882,0.0167776770715867
2.69803921568627,0.0167594087376898
2.70196078431373,0.0167412055502097
2.70588235294118,0.0167230672417886
2.70980392156863,0.0167049935466733
2.71372549019608,0.0166869842006005
2.71764705882353,0.016669038940976
2.72156862745098,0.0166511575066982
2.72549019607843,0.0166333396382544
2.72941176470588,0.0166155850776135
2.73333333333333,0.0165978935683567
2.73725490196079,0.0165802648555497
2.74117647058824,0.0165626986855357
2.74509803921569,0.0165451948067048
2.74901960784314,0.0165277529682576
2.75294117647059,0.0165103729213294
2.75686274509804,0.0164930544184097
2.76078431372549,0.0164757972132891
2.76470588235294,0.0164586010614043
2.76862745098039,0.0164414657194404
2.77254901960784,0.0164243909456746
2.77647058823529,0.0164073764996199
2.78039215686275,0.0163904221423671
2.7843137254902,0.0163735276362438
2.78823529411765,0.0163566927450755
2.7921568627451,0.0163399172339447
2.79607843137255,0.0163232008694323
2.8,0.0163065434193314
2.80392156862745,0.0162899446528971
2.8078431372549,0.0162734043406231
2.81176470588235,0.0162569222543788
2.8156862745098,0.0162404981674198
2.81960784313726,0.0162241318540089
2.82352941176471,0.0162078230901269
2.82745098039216,0.0161915716528391
2.83137254901961,0.0161753773203919
2.83529411764706,0.016159239872472
2.83921568627451,0.0161431590899337
2.84313725490196,0.0161271347548885
2.84705882352941,0.0161111666507376
2.85098039215686,0.0160952545621339
2.85490196078431,0.0160793982748372
2.85882352941176,0.0160635975760043
2.86274509803922,0.0160478522538451
2.86666666666667,0.0160321620978658
2.87058823529412,0.0160165268987061
2.87450980392157,0.0160009464482738
2.87843137254902,0.0159854205395624
2.88235294117647,0.0159699489668398
2.88627450980392,0.0159545315254247
2.89019607843137,0.0159391680118657
2.89411764705882,0.0159238582238404
2.89803921568627,0.0159086019601984
2.90196078431373,0.0158933990208336
2.90588235294118,0.0158782492068759
2.90980392156863,0.0158631523204969
2.91372549019608,0.0158481081650162
2.91764705882353,0.0158331165447963
2.92156862745098,0.0158181772654163
2.92549019607843,0.0158032901333208
2.92941176470588,0.0157884549564129
2.93333333333333,0.0157736715432498
2.93725490196078,0.0157589397037323
2.94117647058824,0.0157442592487051
2.94509803921569,0.0157296299900938
2.94901960784314,0.0157150517408853
2.95294117647059,0.0157005243150794
2.95686274509804,0.0156860475277332
2.96078431372549,0.0156716211949672
2.96470588235294,0.0156572451337156
2.96862745098039,0.0156429191622412
2.97254901960784,0.0156286430995882
2.97647058823529,0.0156144167658787
2.98039215686275,0.0156002399822076
2.9843137254902,0.0155861125706587
2.98823529411765,0.0155720343543129
2.9921568627451,0.0155580051572055
2.99607843137255,0.0155440248043609
3,0.0155300931217295
3.00392156862745,0.0155162099361721
3.0078431372549,0.0155023750757532
3.01176470588235,0.0154885883691517
3.0156862745098,0.0154748496461331
3.01960784313726,0.0154611587374088
3.02352941176471,0.0154475154745917
3.02745098039216,0.0154339196902105
3.03137254901961,0.0154203712176854
3.03529411764706,0.0154068698914067
3.03921568627451,0.0153934155466351
3.04313725490196,0.0153800080194708
3.04705882352941,0.0153666471469921
3.05098039215686,0.0153533327671669
3.05490196078431,0.0153400647187271
3.05882352941176,0.0153268428414057
3.06274509803922,0.0153136669757134
3.06666666666667,0.0153005369630862
3.07058823529412,0.0152874526458014
3.07450980392157,0.0152744138669899
3.07843137254902,0.0152614204705623
3.08235294117647,0.015248472301396
3.08627450980392,0.015235569205107
3.09019607843137,0.0152227110281916
3.09411764705882,0.0152098976179269
3.09803921568627,0.0151971288224715
3.10196078431373,0.0151844044907652
3.10588235294118,0.0151717244725573
3.10980392156863,0.0151590886183864
3.11372549019608,0.0151464967795922
3.11764705882353,0.0151339488084316
3.12156862745098,0.0151214445577563
3.12549019607843,0.0151089838813136
3.12941176470588,0.0150965666337099
3.13333333333333,0.015084192670118
3.13725490196078,0.0150718618466783
3.14117647058824,0.0150595740201729
3.14509803921569,0.0150473290482501
3.14901960784314,0.015035126789234
3.15294117647059,0.0150229671022377
3.15686274509804,0.0150108498471036
3.16078431372549,0.0149987748844575
3.16470588235294,0.0149867420756445
3.16862745098039,0.0149747512826836
3.17254901960784,0.0149628023684286
3.17647058823529,0.0149508951964522
3.18039215686275,0.0149390296309425
3.1843137254902,0.0149272055368894
3.18823529411765,0.0149154227800023
3.1921568627451,0.0149036812266616
3.19607843137255,0.0148919807439815
3.2,0.0148803211997858
3.20392156862745,0.0148687024625326
3.2078431372549,0.0148571244014216
3.21176470588235,0.0148455868864046
3.2156862745098,0.0148340897879577
3.21960784313726,0.0148226329774054
3.22352941176471,0.0148112163265973
3.22745098039216,0.0147998397082677
3.23137254901961,0.0147885029954704
3.23529411764706,0.0147772060621972
3.23921568627451,0.0147659487832902
3.24313725490196,0.0147547310336912
3.24705882352941,0.0147435526894597
3.25098039215686,0.0147324136270958
3.25490196078431,0.0147213137238203
3.25882352941177,0.0147102528574656
3.26274509803922,0.0146992309064977
3.26666666666667,0.0146882477500325
3.27058823529412,0.0146773032678568
3.27450980392157,0.0146663973402713
3.27843137254902,0.0146555298483407
3.28235294117647,0.0146447006736136
3.28627450980392,0.014633909698327
3.29019607843137,0.0146231568054193
3.29411764705882,0.0146124418782146
3.29803921568627,0.0146017648008892
3.30196078431373,0.0145911254579671
3.30588235294118,0.0145805237348914
3.30980392156863,0.0145699595173318
3.31372549019608,0.01455943269175
3.31764705882353,0.0145489431454032
3.32156862745098,0.0145384907657039
3.32549019607843,0.014528075440945
3.32941176470588,0.0145176970598518
3.33333333333333,0.0145073555118171
3.33725490196078,0.0144970506868193
3.34117647058823,0.0144867824752457
3.34509803921569,0.0144765507682633
3.34901960784314,0.0144663554574976
3.35294117647059,0.0144561964350618
3.35686274509804,0.0144460735938189
3.36078431372549,0.0144359868269388
3.36470588235294,0.0144259360283854
3.36862745098039,0.0144159210924682
3.37254901960784,0.0144059419142162
3.37647058823529,0.0143959983890402
3.38039215686275,0.0143860904129931
3.3843137254902,0.0143762178826126
3.38823529411765,0.0143663806950499
3.3921568627451,0.0143565787478454
3.39607843137255,0.0143468119391994
3.4,0.014337080167758
3.40392156862745,0.0143273833327366
3.4078431372549,0.0143177213337903
3.41176470588235,0.0143080940712054
3.4156862745098,0.014298501445679
3.41960784313726,0.0142889433584323
3.42352941176471,0.0142794197113612
3.42745098039216,0.0142699304065741
3.43137254901961,0.014260475346811
3.43529411764706,0.0142510544354624
3.43921568627451,0.0142416675761668
3.44313725490196,0.0142323146732401
3.44705882352941,0.0142229956313562
3.45098039215686,0.0142137103558304
3.45490196078431,0.0142044587522815
3.45882352941177,0.0141952407269552
3.46274509803922,0.0141860561864824
3.46666666666667,0.0141769050380895
3.47058823529412,0.0141677871893048
3.47450980392157,0.014158702548303
3.47843137254902,0.0141496510236103
3.48235294117647,0.0141406325243183
3.48627450980392,0.0141316469598574
3.49019607843137,0.014122694240247
3.49411764705882,0.0141137742758247
3.49803921568627,0.0141048869776093
3.50196078431373,0.014096032256878
3.50588235294118,0.0140872100253857
3.50980392156863,0.0140784201953824
3.51372549019608,0.0140696626796005
3.51764705882353,0.0140609373911366
3.52156862745098,0.0140522442435973
3.52549019607843,0.0140435831509795
3.52941176470588,0.0140349540277762
3.53333333333333,0.0140263567888377
3.53725490196078,0.0140177913495208
3.54117647058824,0.0140092576256098
3.54509803921569,0.0140007555333083
3.54901960784314,0.0139922849891522
3.55294117647059,0.0139838459102874
3.55686274509804,0.0139754382141113
3.56078431372549,0.0139670618185752
3.56470588235294,0.0139587166419797
3.56862745098039,0.013950402603038
3.57254901960784,0.013942119620854
3.57647058823529,0.0139338676150833
3.58039215686274,0.0139256465055905
3.5843137254902,0.0139174562128282
3.58823529411765,0.0139092966575199
3.5921568627451,0.0139011677609261
3.59607843137255,0.0138930694445533
3.6,0.0138850016304622
3.60392156862745,0.0138769642409916
3.6078431372549,0.0138689571989468
3.61176470588235,0.0138609804275267
3.6156862745098,0.013853033850263
3.61960784313726,0.0138451173911757
3.62352941176471,0.0138372309745824
3.62745098039216,0.0138293745252034
3.63137254901961,0.0138215479681991
3.63529411764706,0.0138137512290313
3.63921568627451,0.0138059842336488
3.64313725490196,0.0137982469082732
3.64705882352941,0.0137905391795881
3.65098039215686,0.0137828609745585
3.65490196078431,0.0137752122206346
3.65882352941177,0.0137675928455361
3.66274509803922,0.0137600027774301
3.66666666666667,0.0137524419447987
3.67058823529412,0.0137449102765353
3.67450980392157,0.0137374077018518
3.67843137254902,0.0137299341503843
3.68235294117647,0.0137224895520317
3.68627450980392,0.0137150738371447
3.69019607843137,0.013707686936436
3.69411764705882,0.0137003287808889
3.69803921568628,0.0136929993019057
3.70196078431373,0.0136856984312209
3.70588235294118,0.0136784261009451
3.70980392156863,0.0136711822434862
3.71372549019608,0.0136639667916578
3.71764705882353,0.0136567796785652
3.72156862745098,0.0136496208377846
3.72549019607843,0.0136424902028331
3.72941176470588,0.0136353877082643
3.73333333333333,0.0136283132884843
3.73725490196078,0.0136212668781468
3.74117647058824,0.0136142484125947
3.74509803921569,0.0136072578272346
3.74901960784314,0.0136002950579897
3.75294117647059,0.0135933600409818
3.75686274509804,0.0135864527127684
3.76078431372549,0.0135795730100865
3.76470588235294,0.0135727208702363
3.76862745098039,0.0135658962305926
3.77254901960784,0.0135590990290333
3.77647058823529,0.0135523292036199
3.78039215686274,0.01354558669288
3.7843137254902,0.0135388714355495
3.78823529411765,0.0135321833707302
3.7921568627451,0.0135255224378375
3.79607843137255,0.0135188885765459
3.8,0.0135122817270527
3.80392156862745,0.0135057018293403
3.8078431372549,0.0134991488244841
3.81176470588235,0.0134926226533803
3.8156862745098,0.013486123257102
3.81960784313725,0.0134796505774263
3.82352941176471,0.0134732045560966
3.82745098039216,0.0134667851354365
3.83137254901961,0.0134603922578807
3.83529411764706,0.0134540258662709
3.83921568627451,0.0134476859036073
3.84313725490196,0.0134413723134594
3.84705882352941,0.0134350850393947
3.85098039215686,0.0134288240254292
3.85490196078431,0.0134225892158486
3.85882352941177,0.0134163805552798
3.86274509803922,0.0134101979885525
3.86666666666667,0.0134040414608484
3.87058823529412,0.01339791091763
3.87450980392157,0.0133918063046162
3.87843137254902,0.0133857275678451
3.88235294117647,0.0133796746536883
3.88627450980392,0.0133736475086527
3.89019607843137,0.0133676460797092
3.89411764705882,0.0133616703139735
3.89803921568627,0.0133557201589338
3.90196078431373,0.0133497955622468
3.90588235294118,0.0133438964720114
3.90980392156863,0.0133380228364377
3.91372549019608,0.0133321746041919
3.91764705882353,0.0133263517240077
3.92156862745098,0.0133205541450119
3.92549019607843,0.0133147818166445
3.92941176470588,0.013309034688484
3.93333333333333,0.0133033127105245
3.93725490196078,0.0132976158329248
3.94117647058824,0.0132919440061964
3.94509803921569,0.0132862971809871
3.94901960784314,0.0132806753084038
3.95294117647059,0.0132750783396178
3.95686274509804,0.0132695062261918
3.96078431372549,0.0132639589199876
3.96470588235294,0.0132584363728872
3.96862745098039,0.0132529385373529
3.97254901960784,0.013247465365909
3.97647058823529,0.0132420168114154
3.98039215686275,0.0132365928269043
3.9843137254902,0.0132311933657742
3.98823529411765,0.0132258183815756
3.9921568627451,0.0132204678282713
3.99607843137255,0.0132151416598799
4,0.0132098398307426
4.00392156862745,0.0132045622955585
4.0078431372549,0.0131993090091373
4.01176470588235,0.0131940799265707
4.0156862745098,0.0131888750032869
4.01960784313725,0.013183694194903
4.02352941176471,0.013178537457186
4.02745098039216,0.0131734047463776
4.03137254901961,0.0131682960186218
4.03529411764706,0.0131632112307409
4.03921568627451,0.0131581503394213
4.04313725490196,0.0131531133018053
4.04705882352941,0.0131481000751514
4.05098039215686,0.0131431106170757
4.05490196078431,0.0131381448853508
4.05882352941176,0.0131332028380177
4.06274509803922,0.0131282844333103
4.06666666666667,0.0131233896297963
4.07058823529412,0.0131185183862024
4.07450980392157,0.0131136706614932
4.07843137254902,0.0131088464148869
4.08235294117647,0.0131040456058499
4.08627450980392,0.0130992681940433
4.09019607843137,0.0130945141393208
4.09411764705882,0.0130897834019335
4.09803921568628,0.013085075942167
4.10196078431373,0.0130803917206347
4.10588235294118,0.0130757306982455
4.10980392156863,0.0130710928358553
4.11372549019608,0.0130664780949536
4.11764705882353,0.0130618864369172
4.12156862745098,0.0130573178235409
4.12549019607843,0.0130527722167068
4.12941176470588,0.0130482495786428
4.13333333333333,0.0130437498717445
4.13725490196078,0.0130392730586165
4.14117647058824,0.013034819102081
4.14509803921569,0.0130303879652104
4.14901960784314,0.0130259796113159
4.15294117647059,0.0130215940038247
4.15686274509804,0.0130172311064879
4.16078431372549,0.0130128908832192
4.16470588235294,0.0130085732982186
4.16862745098039,0.0130042783157875
4.17254901960784,0.013000005900491
4.17647058823529,0.0129957560171513
4.18039215686275,0.0129915286307832
4.1843137254902,0.0129873237065558
4.18823529411765,0.0129831412099258
4.1921568627451,0.0129789811064922
4.19607843137255,0.0129748433621699
4.2,0.0129707279429209
4.20392156862745,0.0129666348150852
4.2078431372549,0.0129625639450761
4.21176470588235,0.0129585152996497
4.2156862745098,0.0129544888455761
4.21960784313726,0.0129504845498439
4.22352941176471,0.0129465023803701
4.22745098039216,0.0129425423039742
4.23137254901961,0.01293860428853
4.23529411764706,0.0129346883020624
4.23921568627451,0.0129307943126164
4.24313725490196,0.0129269222884894
4.24705882352941,0.0129230721982118
4.25098039215686,0.012919244010525
4.25490196078431,0.0129154376942805
4.25882352941176,0.0129116532186876
4.26274509803922,0.0129078905529391
4.26666666666667,0.0129041496666457
4.27058823529412,0.0129004305294357
4.27450980392157,0.0128967331113141
4.27843137254902,0.0128930573822442
4.28235294117647,0.0128894033126512
4.28627450980392,0.0128857708729202
4.29019607843137,0.0128821600338342
4.29411764705882,0.012878570766168
4.29803921568627,0.0128750030408797
4.30196078431373,0.0128714568298319
4.30588235294118,0.0128679321038542
4.30980392156863,0.0128644288347165
4.31372549019608,0.0128609469943932
4.31764705882353,0.0128574865548227
4.32156862745098,0.0128540474883006
4.32549019607843,0.012850629767121
4.32941176470588,0.012847233364024
4.33333333333333,0.012843858251657
4.33725490196078,0.012840504403128
4.34117647058824,0.0128371717914607
4.34509803921569,0.0128338603900887
4.34901960784314,0.0128305701725072
4.35294117647059,0.012827301112472
4.35686274509804,0.0128240531838344
4.36078431372549,0.0128208263607128
4.36470588235294,0.0128176206173895
4.36862745098039,0.012814435928291
4.37254901960784,0.0128112722680711
4.37647058823529,0.012808129611552
4.38039215686275,0.012805007933703
4.3843137254902,0.0128019072097465
4.38823529411765,0.0127988274150135
4.3921568627451,0.0127957685250766
4.39607843137255,0.0127927305156185
4.4,0.0127897133626087
4.40392156862745,0.0127867170420449
4.4078431372549,0.0127837415303126
4.41176470588235,0.0127807868036802
4.4156862745098,0.0127778528388934
4.41960784313726,0.0127749396126949
4.42352941176471,0.0127720471020562
4.42745098039216,0.0127691752841539
4.43137254901961,0.0127663241362434
4.43529411764706,0.0127634936359054
4.43921568627451,0.0127606837607388
4.44313725490196,0.0127578944886579
4.44705882352941,0.012755125797619
4.45098039215686,0.0127523776658597
4.45490196078431,0.0127496500717058
4.45882352941176,0.0127469429937334
4.46274509803922,0.0127442564106307
4.46666666666667,0.012741590301306
4.47058823529412,0.0127389446447948
4.47450980392157,0.0127363194203143
4.47843137254902,0.0127337146072626
4.48235294117647,0.0127311301852452
4.48627450980392,0.0127285661339823
4.49019607843137,0.0127260224333432
4.49411764705882,0.0127234990633785
4.49803921568627,0.0127209960044574
4.50196078431373,0.0127185132368645
4.50588235294118,0.0127160507412472
4.50980392156863,0.0127136084983237
4.51372549019608,0.0127111864890443
4.51764705882353,0.0127087846944414
4.52156862745098,0.0127064030957966
4.52549019607843,0.0127040416745207
4.52941176470588,0.012701700412211
4.53333333333333,0.0126993792905153
4.53725490196078,0.012697078291458
4.54117647058824,0.0126947973970543
4.54509803921569,0.0126925365895603
4.54901960784314,0.0126902958513542
4.55294117647059,0.012688075165099
4.55686274509804,0.0126858745133626
4.56078431372549,0.0126836938791826
4.56470588235294,0.0126815332455114
4.56862745098039,0.0126793925956353
4.57254901960784,0.0126772719129037
4.57647058823529,0.0126751711808582
4.58039215686275,0.0126730903831995
4.5843137254902,0.0126710295037979
4.58823529411765,0.0126689885266753
4.5921568627451,0.0126669674360065
4.59607843137255,0.0126649662161845
4.6,0.0126629848516265
4.60392156862745,0.0126610233270783
4.6078431372549,0.0126590816273368
4.61176470588235,0.0126571597373394
4.6156862745098,0.0126552576422684
4.61960784313726,0.0126533753274323
4.62352941176471,0.0126515127782392
4.62745098039216,0.0126496699803673
4.63137254901961,0.0126478469195714
4.63529411764706,0.0126460435817449
4.63921568627451,0.012644259952963
4.64313725490196,0.0126424960195917
4.64705882352941,0.0126407517678605
4.65098039215686,0.0126390271844639
4.65490196078431,0.012637322256018
4.65882352941177,0.0126356369694858
4.66274509803922,0.0126339713117599
4.66666666666667,0.0126323252701688
4.67058823529412,0.0126306988318861
4.67450980392157,0.0126290919846099
4.67843137254902,0.0126275047157219
4.68235294117647,0.0126259370132793
4.68627450980392,0.0126243888649792
4.69019607843137,0.0126228602592154
4.69411764705882,0.0126213511838411
4.69803921568627,0.0126198616278443
4.70196078431373,0.0126183915790812
4.70588235294118,0.0126169410270166
4.70980392156863,0.0126155099595739
4.71372549019608,0.0126140983668801
4.71764705882353,0.0126127062381706
4.72156862745098,0.0126113335611222
4.72549019607843,0.0126099803267261
4.72941176470588,0.0126086465239963
4.73333333333333,0.0126073321430098
4.73725490196078,0.0126060371735167
4.74117647058824,0.0126047616056881
4.74509803921569,0.0126035054297173
4.74901960784314,0.0126022686359987
4.75294117647059,0.0126010512151231
4.75686274509804,0.0125998531576546
4.76078431372549,0.0125986744545909
4.76470588235294,0.012597515096772
4.76862745098039,0.0125963750754943
4.77254901960784,0.0125952543817761
4.77647058823529,0.0125941530074769
4.78039215686275,0.0125930709436186
4.7843137254902,0.0125920081826073
4.78823529411765,0.0125909647154052
4.7921568627451,0.0125899405350632
4.79607843137255,0.0125889356340101
4.8,0.0125879500027673
4.80392156862745,0.0125869836354312
4.8078431372549,0.0125860365238891
4.81176470588235,0.0125851086613276
4.8156862745098,0.0125842000404081
4.81960784313726,0.0125833106543635
4.82352941176471,0.0125824404962882
4.82745098039216,0.0125815895596471
4.83137254901961,0.0125807578378977
4.83529411764706,0.0125799453247193
4.83921568627451,0.0125791520139256
4.84313725490196,0.0125783778994776
4.84705882352941,0.0125776229754746
4.85098039215686,0.0125768872361645
4.85490196078431,0.0125761706759299
4.85882352941177,0.0125754732893575
4.86274509803922,0.0125747950711175
4.86666666666667,0.0125741360160403
4.87058823529412,0.0125734961191025
4.87450980392157,0.0125728753754591
4.87843137254902,0.0125722737803875
4.88235294117647,0.012571691329284
4.88627450980392,0.0125711280177388
4.89019607843137,0.0125705838414671
4.89411764705882,0.012570058796338
4.89803921568627,0.0125695528783349
4.90196078431373,0.0125690660836697
4.90588235294118,0.0125685984085055
4.90980392156863,0.0125681498494667
4.91372549019608,0.0125677204029908
4.91764705882353,0.0125673100659292
4.92156862745098,0.0125669188350815
4.92549019607843,0.0125665467075368
4.92941176470588,0.012566193680417
4.93333333333333,0.0125658597510666
4.93725490196078,0.0125655449169444
4.94117647058824,0.0125652491756688
4.94509803921569,0.0125649725249547
4.94901960784314,0.0125647149627389
4.95294117647059,0.0125644764870512
4.95686274509804,0.0125642570961032
4.96078431372549,0.0125640567882626
4.96470588235294,0.0125638755618019
4.96862745098039,0.0125637134155716
4.97254901960784,0.0125635703482675
4.97647058823529,0.0125634463588151
4.98039215686275,0.0125633414462785
4.9843137254902,0.0125632556097633
4.98823529411765,0.0125631888487548
4.9921568627451,0.0125631411626588
4.99607843137255,0.0125631125511549
