Tiempo,Valor
0,128
0.000392,131
0.000784,134
0.001176,137
0.001568,140
0.00196,143
0.002352,146
0.002744,149
0.003136,152
0.003528,156
0.00392,159
0.004312,162
0.004704,165
0.005096,168
0.005488,171
0.00588,174
0.006272,176
0.006664,179
0.007056,182
0.007448,185
0.00784,188
0.008232,191
0.008624,193
0.009016,196
0.009408,199
0.0098,201
0.010192,204
0.010584,206
0.010976,209
0.011368,211
0.01176,213
0.012152,216
0.012544,218
0.012936,220
0.013328,222
0.01372,224
0.014112,226
0.014504,228
0.014896,230
0.015288,232
0.01568,234
0.016072,235
0.016464,237
0.016856,239
0.017248,240
0.01764,242
0.018032,243
0.018424,244
0.018816,246
0.019208,247
0.0196,248
0.019992,249
0.020384,250
0.020776,251
0.021168,251
0.02156,252
0.021952,253
0.022344,253
0.022736,254
0.023128,254
0.02352,254
0.023912,255
0.024304,255
0.024696,255
0.025088,255
0.02548,255
0.025872,255
0.026264,255
0.026656,254
0.027048,254
0.02744,253
0.027832,253
0.028224,252
0.028616,252
0.029008,251
0.0294,250
0.029792,249
0.030184,248
0.030576,247
0.030968,246
0.03136,245
0.031752,244
0.032144000000000006,242
0.03253600000000001,241
0.03292800000000001,239
0.033320000000000016,238
0.03371200000000002,236
0.03410400000000002,235
0.03449600000000003,233
0.03488800000000003,231
0.035280000000000034,229
0.03567200000000004,227
0.03606400000000004,225
0.036456000000000044,223
0.03684800000000005,221
0.03724000000000005,219
0.037632000000000054,217
0.03802400000000006,215
0.03841600000000006,212
0.038808000000000065,210
0.03920000000000007,207
0.03959200000000007,205
0.039984000000000075,202
0.04037600000000008,200
0.04076800000000008,197
0.041160000000000085,195
0.04155200000000009,192
0.04194400000000009,189
0.042336000000000096,186
0.0427280000000001,184
0.0431200000000001,181
0.043512000000000106,178
0.04390400000000011,175
0.04429600000000011,172
0.044688000000000117,169
0.04508000000000012,166
0.04547200000000012,163
0.04586400000000013,160
0.04625600000000013,157
0.046648000000000134,154
0.04704000000000014,151
0.04743200000000014,148
0.047824000000000144,145
0.04821600000000015,142
0.04860800000000015,138
0.049000000000000155,135
0.04939200000000016,132
0.04978400000000016,129
0.050176000000000165,126
0.05056800000000017,123
0.05096000000000017,120
0.051352000000000175,117
0.05174400000000018,113
0.05213600000000018,110
0.052528000000000186,107
0.05292000000000019,104
0.05331200000000019,101
0.053704000000000196,98
0.0540960000000002,95
0.0544880000000002,92
0.054880000000000206,89
0.05527200000000021,86
0.05566400000000021,83
0.05605600000000022,80
0.05644800000000022,77
0.056840000000000224,74
0.05723200000000023,71
0.05762400000000023,69
0.058016000000000234,66
0.05840800000000024,63
0.05880000000000024,60
0.059192000000000244,58
0.05958400000000025,55
0.05997600000000025,53
0.060368000000000255,50
0.06076000000000026,48
0.06115200000000026,45
0.061544000000000265,43
0.06193600000000027,40
0.06232800000000027,38
0.06272000000000028,36
0.06311200000000028,34
0.06350400000000028,32
0.06389600000000029,30
0.06428800000000029,28
0.06468000000000029,26
0.0650720000000003,24
0.0654640000000003,22
0.0658560000000003,20
0.0662480000000003,19
0.06664000000000031,17
0.06703200000000031,16
0.06742400000000032,14
0.06781600000000032,13
0.06820800000000032,11
0.06860000000000033,10
0.06899200000000033,9
0.06938400000000033,8
0.06977600000000034,7
0.07016800000000034,6
0.07056000000000034,5
0.07095200000000035,4
0.07134400000000035,3
0.07173600000000036,3
0.07212800000000036,2
0.07252000000000036,2
0.07291200000000037,1
0.07330400000000037,1
0.07369600000000037,0
0.07408800000000038,0
0.07448000000000038,0
0.07487200000000038,0
0.07526400000000039,0
0.07565600000000039,0
0.0760480000000004,0
0.0764400000000004,1
0.0768320000000004,1
0.0772240000000004,1
0.0776160000000004,2
0.07800800000000041,2
0.07840000000000041,3
0.07879200000000042,4
0.07918400000000042,4
0.07957600000000042,5
0.07996800000000043,6
0.08036000000000043,7
0.08075200000000043,8
0.08114400000000044,9
0.08153600000000044,11
0.08192800000000044,12
0.08232000000000045,13
0.08271200000000045,15
0.08310400000000046,16
0.08349600000000046,18
0.08388800000000046,20
0.08428000000000047,21
0.08467200000000047,23
0.08506400000000047,25
0.08545600000000048,27
0.08584800000000048,29
0.08624000000000048,31
0.08663200000000049,33
0.08702400000000049,35
0.0874160000000005,37
0.0878080000000005,39
0.0882000000000005,42
0.0885920000000005,44
0.08898400000000051,46
0.08937600000000051,49
0.08976800000000051,51
0.09016000000000052,54
0.09055200000000052,56
0.09094400000000052,59
0.09133600000000053,62
0.09172800000000053,64
0.09212000000000053,67
0.09251200000000054,70
0.09290400000000054,73
0.09329600000000055,76
0.09368800000000055,79
0.09408000000000055,81
0.09447200000000056,84
0.09486400000000056,87
0.09525600000000056,90
0.09564800000000057,93
0.09604000000000057,96
0.09643200000000057,99
0.09682400000000058,103
0.09721600000000058,106
0.09760800000000058,109
0.09800000000000059,112
0.09839200000000059,115
0.0987840000000006,118
0.0991760000000006,121
0.0995680000000006,124
0.0999600000000006,128
0.10035200000000061,131
0.10074400000000061,134
0.10113600000000061,137
0.10152800000000062,140
0.10192000000000062,143
0.10231200000000062,146
0.10270400000000063,149
0.10309600000000063,152
0.10348800000000064,156
0.10388000000000064,159
0.10427200000000064,162
0.10466400000000065,165
0.10505600000000065,168
0.10544800000000065,171
0.10584000000000066,174
0.10623200000000066,176
0.10662400000000066,179
0.10701600000000067,182
0.10740800000000067,185
0.10780000000000067,188
0.10819200000000068,191
0.10858400000000068,193
0.10897600000000068,196
0.10936800000000069,199
0.10976000000000069,201
0.1101520000000007,204
0.1105440000000007,206
0.1109360000000007,209
0.1113280000000007,211
0.11172000000000071,213
0.11211200000000071,216
0.11250400000000071,218
0.11289600000000072,220
0.11328800000000072,222
0.11368000000000072,224
0.11407200000000073,226
0.11446400000000073,228
0.11485600000000074,230
0.11524800000000074,232
0.11564000000000074,234
0.11603200000000075,235
0.11642400000000075,237
0.11681600000000075,239
0.11720800000000076,240
0.11760000000000076,242
0.11799200000000076,243
0.11838400000000077,244
0.11877600000000077,246
0.11916800000000077,247
0.11956000000000078,248
0.11995200000000078,249
0.12034400000000078,250
0.12073600000000079,251
0.12112800000000079,251
0.1215200000000008,252
0.1219120000000008,253
0.1223040000000008,253
0.1226960000000008,254
0.12308800000000081,254
0.12348000000000081,254
0.12387200000000081,255
0.12426400000000082,255
0.12465600000000082,255
0.12504800000000083,255
0.12544000000000083,255
0.12583200000000083,255
0.12622400000000084,255
0.12661600000000084,254
0.12700800000000084,254
0.12740000000000085,253
0.12779200000000085,253
0.12818400000000085,252
0.12857600000000086,252
0.12896800000000086,251
0.12936000000000086,250
0.12975200000000087,249
0.13014400000000087,248
0.13053600000000087,247
0.13092800000000088,246
0.13132000000000088,245
0.13171200000000088,244
0.1321040000000009,242
0.1324960000000009,241
0.1328880000000009,239
0.1332800000000009,238
0.1336720000000009,236
0.1340640000000009,235
0.1344560000000009,233
0.1348480000000009,231
0.13524000000000092,229
0.13563200000000092,227
0.13602400000000092,225
0.13641600000000093,223
0.13680800000000093,221
0.13720000000000093,219
0.13759200000000094,217
0.13798400000000094,215
0.13837600000000094,212
0.13876800000000095,210
0.13916000000000095,207
0.13955200000000095,205
0.13994400000000096,202
0.14033600000000096,200
0.14072800000000096,197
0.14112000000000097,195
0.14151200000000097,192
0.14190400000000097,189
0.14229600000000098,186
0.14268800000000098,184
0.14308000000000098,181
0.143472000000001,178
0.143864000000001,175
0.144256000000001,172
0.144648000000001,169
0.145040000000001,166
0.145432000000001,163
0.145824000000001,160
0.146216000000001,157
0.14660800000000102,154
0.14700000000000102,151
0.14739200000000102,148
0.14778400000000103,145
0.14817600000000103,142
0.14856800000000103,138
0.14896000000000104,135
0.14935200000000104,132
0.14974400000000104,129
0.15013600000000105,126
0.15052800000000105,123
0.15092000000000105,120
0.15131200000000106,117
0.15170400000000106,113
0.15209600000000106,110
0.15248800000000107,107
0.15288000000000107,104
0.15327200000000107,101
0.15366400000000108,98
0.15405600000000108,95
0.15444800000000108,92
0.1548400000000011,89
0.1552320000000011,86
0.1556240000000011,83
0.1560160000000011,80
0.1564080000000011,77
0.1568000000000011,74
0.1571920000000011,71
0.1575840000000011,69
0.15797600000000112,66
0.15836800000000112,63
0.15876000000000112,60
0.15915200000000113,58
0.15954400000000113,55
0.15993600000000113,53
0.16032800000000114,50
0.16072000000000114,48
0.16111200000000114,45
0.16150400000000115,43
0.16189600000000115,40
0.16228800000000115,38
0.16268000000000116,36
0.16307200000000116,34
0.16346400000000116,32
0.16385600000000117,30
0.16424800000000117,28
0.16464000000000117,26
0.16503200000000118,24
0.16542400000000118,22
0.16581600000000118,20
0.1662080000000012,19
0.1666000000000012,17
0.1669920000000012,16
0.1673840000000012,14
0.1677760000000012,13
0.1681680000000012,11
0.1685600000000012,10
0.1689520000000012,9
0.16934400000000122,8
0.16973600000000122,7
0.17012800000000122,6
0.17052000000000123,5
0.17091200000000123,4
0.17130400000000123,3
0.17169600000000124,3
0.17208800000000124,2
0.17248000000000124,2
0.17287200000000125,1
0.17326400000000125,1
0.17365600000000125,0
0.17404800000000126,0
0.17444000000000126,0
0.17483200000000126,0
0.17522400000000127,0
0.17561600000000127,0
0.17600800000000127,0
0.17640000000000128,1
0.17679200000000128,1
0.17718400000000128,1
0.1775760000000013,2
0.1779680000000013,2
0.1783600000000013,3
0.1787520000000013,4
0.1791440000000013,4
0.1795360000000013,5
0.1799280000000013,6
0.1803200000000013,7
0.18071200000000132,8
0.18110400000000132,9
0.18149600000000132,11
0.18188800000000133,12
0.18228000000000133,13
0.18267200000000133,15
0.18306400000000134,16
0.18345600000000134,18
0.18384800000000134,20
0.18424000000000135,21
0.18463200000000135,23
0.18502400000000135,25
0.18541600000000136,27
0.18580800000000136,29
0.18620000000000136,31
0.18659200000000137,33
0.18698400000000137,35
0.18737600000000137,37
0.18776800000000138,39
0.18816000000000138,42
0.18855200000000139,44
0.1889440000000014,46
0.1893360000000014,49
0.1897280000000014,51
0.1901200000000014,54
0.1905120000000014,56
0.1909040000000014,59
0.1912960000000014,62
0.1916880000000014,64
0.19208000000000142,67
0.19247200000000142,70
0.19286400000000142,73
0.19325600000000143,76
0.19364800000000143,79
0.19404000000000143,81
0.19443200000000144,84
0.19482400000000144,87
0.19521600000000144,90
0.19560800000000145,93
0.19600000000000145,96
0.19639200000000145,99
0.19678400000000146,103
0.19717600000000146,106
0.19756800000000146,109
0.19796000000000147,112
0.19835200000000147,115
0.19874400000000148,118
0.19913600000000148,121
0.19952800000000148,124
0.19992000000000149,128
0.2003120000000015,131
0.2007040000000015,134
0.2010960000000015,137
0.2014880000000015,140
0.2018800000000015,143
0.2022720000000015,146
0.2026640000000015,149
0.2030560000000015,152
0.20344800000000152,156
0.20384000000000152,159
0.20423200000000152,162
0.20462400000000153,165
0.20501600000000153,168
0.20540800000000153,171
0.20580000000000154,174
0.20619200000000154,176
0.20658400000000154,179
0.20697600000000155,182
0.20736800000000155,185
0.20776000000000155,188
0.20815200000000156,191
0.20854400000000156,193
0.20893600000000156,196
0.20932800000000157,199
0.20972000000000157,201
0.21011200000000158,204
0.21050400000000158,206
0.21089600000000158,209
0.21128800000000159,211
0.2116800000000016,213
0.2120720000000016,216
0.2124640000000016,218
0.2128560000000016,220
0.2132480000000016,222
0.2136400000000016,224
0.2140320000000016,226
0.2144240000000016,228
0.21481600000000162,230
0.21520800000000162,232
0.21560000000000162,234
0.21599200000000163,235
0.21638400000000163,237
0.21677600000000163,239
0.21716800000000164,240
0.21756000000000164,242
0.21795200000000164,243
0.21834400000000165,244
0.21873600000000165,246
0.21912800000000165,247
0.21952000000000166,248
0.21991200000000166,249
0.22030400000000167,250
0.22069600000000167,251
0.22108800000000167,251
0.22148000000000168,252
0.22187200000000168,253
0.22226400000000168,253
0.22265600000000169,254
0.2230480000000017,254
0.2234400000000017,254
0.2238320000000017,255
0.2242240000000017,255
0.2246160000000017,255
0.2250080000000017,255
0.2254000000000017,255
0.2257920000000017,255
0.22618400000000172,255
0.22657600000000172,254
0.22696800000000172,254
0.22736000000000173,253
0.22775200000000173,253
0.22814400000000173,252
0.22853600000000174,252
0.22892800000000174,251
0.22932000000000174,250
0.22971200000000175,249
0.23010400000000175,248
0.23049600000000176,247
0.23088800000000176,246
0.23128000000000176,245
0.23167200000000177,244
0.23206400000000177,242
0.23245600000000177,241
0.23284800000000178,239
0.23324000000000178,238
0.23363200000000178,236
0.2340240000000018,235
0.2344160000000018,233
0.2348080000000018,231
0.2352000000000018,229
0.2355920000000018,227
0.2359840000000018,225
0.2363760000000018,223
0.2367680000000018,221
0.2371600000000018,219
0.23755200000000182,217
0.23794400000000182,215
0.23833600000000182,212
0.23872800000000183,210
0.23912000000000183,207
0.23951200000000183,205
0.23990400000000184,202
0.24029600000000184,200
0.24068800000000184,197
0.24108000000000185,195
0.24147200000000185,192
0.24186400000000186,189
0.24225600000000186,186
0.24264800000000186,184
0.24304000000000187,181
0.24343200000000187,178
0.24382400000000187,175
0.24421600000000188,172
0.24460800000000188,169
0.24500000000000188,166
0.2453920000000019,163
0.2457840000000019,160
0.2461760000000019,157
0.2465680000000019,154
0.2469600000000019,151
0.2473520000000019,148
0.2477440000000019,145
0.2481360000000019,142
0.24852800000000191,138
0.24892000000000192,135
0.24931200000000192,132
0.24970400000000192,129
0.25009600000000193,126
0.25048800000000193,123
0.25088000000000193,120
0.25127200000000194,117
0.25166400000000194,113
0.25205600000000195,110
0.25244800000000195,107
0.25284000000000195,104
0.25323200000000196,101
0.25362400000000196,98
0.25401600000000196,95
0.25440800000000197,92
0.25480000000000197,89
0.255192000000002,86
0.255584000000002,83
0.255976000000002,80
0.256368000000002,77
0.256760000000002,74
0.257152000000002,71
0.257544000000002,69
0.257936000000002,66
0.258328000000002,63
0.258720000000002,60
0.259112000000002,58
0.259504000000002,55
0.259896000000002,53
0.260288000000002,50
0.260680000000002,48
0.261072000000002,45
0.26146400000000203,43
0.26185600000000203,40
0.26224800000000204,38
0.26264000000000204,36
0.26303200000000204,34
0.26342400000000205,32
0.26381600000000205,30
0.26420800000000205,28
0.26460000000000206,26
0.26499200000000206,24
0.26538400000000206,22
0.26577600000000207,20
0.26616800000000207,19
0.2665600000000021,17
0.2669520000000021,16
0.2673440000000021,14
0.2677360000000021,13
0.2681280000000021,11
0.2685200000000021,10
0.2689120000000021,9
0.2693040000000021,8
0.2696960000000021,7
0.2700880000000021,6
0.2704800000000021,5
0.2708720000000021,4
0.2712640000000021,3
0.2716560000000021,3
0.2720480000000021,2
0.2724400000000021,2
0.27283200000000213,1
0.27322400000000213,1
0.27361600000000214,0
0.27400800000000214,0
0.27440000000000214,0
0.27479200000000215,0
0.27518400000000215,0
0.27557600000000215,0
0.27596800000000216,0
0.27636000000000216,1
0.27675200000000216,1
0.27714400000000217,1
0.27753600000000217,2
0.2779280000000022,2
0.2783200000000022,3
0.2787120000000022,4
0.2791040000000022,4
0.2794960000000022,5
0.2798880000000022,6
0.2802800000000022,7
0.2806720000000022,8
0.2810640000000022,9
0.2814560000000022,11
0.2818480000000022,12
0.2822400000000022,13
0.2826320000000022,15
0.2830240000000022,16
0.2834160000000022,18
0.2838080000000022,20
0.28420000000000223,21
0.28459200000000223,23
0.28498400000000224,25
0.28537600000000224,27
0.28576800000000224,29
0.28616000000000225,31
0.28655200000000225,33
0.28694400000000225,35
0.28733600000000226,37
0.28772800000000226,39
0.28812000000000226,42
0.28851200000000227,44
0.28890400000000227,46
0.2892960000000023,49
0.2896880000000023,51
0.2900800000000023,54
0.2904720000000023,56
0.2908640000000023,59
0.2912560000000023,62
0.2916480000000023,64
0.2920400000000023,67
0.2924320000000023,70
0.2928240000000023,73
0.2932160000000023,76
0.2936080000000023,79
0.2940000000000023,81
0.2943920000000023,84
0.2947840000000023,87
0.2951760000000023,90
0.29556800000000233,93
0.29596000000000233,96
0.29635200000000234,99
0.29674400000000234,103
0.29713600000000234,106
0.29752800000000235,109
0.29792000000000235,112
0.29831200000000235,115
0.29870400000000236,118
0.29909600000000236,121
0.29948800000000236,124
0.29988000000000237,128
0.30027200000000237,131
0.3006640000000024,134
0.3010560000000024,137
0.3014480000000024,140
0.3018400000000024,143
0.3022320000000024,146
0.3026240000000024,149
0.3030160000000024,152
0.3034080000000024,156
0.3038000000000024,159
0.3041920000000024,162
0.3045840000000024,165
0.3049760000000024,168
0.3053680000000024,171
0.3057600000000024,174
0.3061520000000024,176
0.3065440000000024,179
0.30693600000000243,182
0.30732800000000243,185
0.30772000000000244,188
0.30811200000000244,191
0.30850400000000244,193
0.30889600000000245,196
0.30928800000000245,199
0.30968000000000245,201
0.31007200000000246,204
0.31046400000000246,206
0.31085600000000246,209
0.31124800000000247,211
0.31164000000000247,213
0.3120320000000025,216
0.3124240000000025,218
0.3128160000000025,220
0.3132080000000025,222
0.3136000000000025,224
0.3139920000000025,226
0.3143840000000025,228
0.3147760000000025,230
0.3151680000000025,232
0.3155600000000025,234
0.3159520000000025,235
0.3163440000000025,237
0.3167360000000025,239
0.3171280000000025,240
0.3175200000000025,242
0.3179120000000025,243
0.31830400000000253,244
0.31869600000000253,246
0.31908800000000254,247
0.31948000000000254,248
0.31987200000000254,249
0.32026400000000255,250
0.32065600000000255,251
0.32104800000000255,251
0.32144000000000256,252
0.32183200000000256,253
0.32222400000000256,253
0.32261600000000257,254
0.32300800000000257,254
0.3234000000000026,254
0.3237920000000026,255
0.3241840000000026,255
0.3245760000000026,255
0.3249680000000026,255
0.3253600000000026,255
0.3257520000000026,255
0.3261440000000026,255
0.3265360000000026,254
0.3269280000000026,254
0.3273200000000026,253
0.3277120000000026,253
0.3281040000000026,252
0.3284960000000026,252
0.3288880000000026,251
0.3292800000000026,250
0.32967200000000263,249
0.33006400000000263,248
0.33045600000000264,247
0.33084800000000264,246
0.33124000000000264,245
0.33163200000000265,244
0.33202400000000265,242
0.33241600000000265,241
0.33280800000000266,239
0.33320000000000266,238
0.33359200000000266,236
0.33398400000000267,235
0.33437600000000267,233
0.3347680000000027,231
0.3351600000000027,229
0.3355520000000027,227
0.3359440000000027,225
0.3363360000000027,223
0.3367280000000027,221
0.3371200000000027,219
0.3375120000000027,217
0.3379040000000027,215
0.3382960000000027,212
0.3386880000000027,210
0.3390800000000027,207
0.3394720000000027,205
0.3398640000000027,202
0.3402560000000027,200
0.3406480000000027,197
0.34104000000000273,195
0.34143200000000273,192
0.34182400000000274,189
0.34221600000000274,186
0.34260800000000274,184
0.34300000000000275,181
0.34339200000000275,178
0.34378400000000275,175
0.34417600000000276,172
0.34456800000000276,169
0.34496000000000276,166
0.34535200000000277,163
0.34574400000000277,160
0.3461360000000028,157
0.3465280000000028,154
0.3469200000000028,151
0.3473120000000028,148
0.3477040000000028,145
0.3480960000000028,142
0.3484880000000028,138
0.3488800000000028,135
0.3492720000000028,132
0.3496640000000028,129
0.3500560000000028,126
0.3504480000000028,123
0.3508400000000028,120
0.3512320000000028,117
0.3516240000000028,113
0.3520160000000028,110
0.35240800000000283,107
0.35280000000000283,104
0.35319200000000284,101
0.35358400000000284,98
0.35397600000000284,95
0.35436800000000285,92
0.35476000000000285,89
0.35515200000000285,86
0.35554400000000286,83
0.35593600000000286,80
0.35632800000000286,77
0.35672000000000287,74
0.35711200000000287,71
0.3575040000000029,69
0.3578960000000029,66
0.3582880000000029,63
0.3586800000000029,60
0.3590720000000029,58
0.3594640000000029,55
0.3598560000000029,53
0.3602480000000029,50
0.3606400000000029,48
0.3610320000000029,45
0.3614240000000029,43
0.3618160000000029,40
0.3622080000000029,38
0.3626000000000029,36
0.3629920000000029,34
0.3633840000000029,32
0.36377600000000293,30
0.36416800000000293,28
0.36456000000000294,26
0.36495200000000294,24
0.36534400000000294,22
0.36573600000000295,20
0.36612800000000295,19
0.36652000000000295,17
0.36691200000000296,16
0.36730400000000296,14
0.36769600000000296,13
0.36808800000000297,11
0.36848000000000297,10
0.368872000000003,9
0.369264000000003,8
0.369656000000003,7
0.370048000000003,6
0.370440000000003,5
0.370832000000003,4
0.371224000000003,3
0.371616000000003,3
0.372008000000003,2
0.372400000000003,2
0.372792000000003,1
0.373184000000003,1
0.373576000000003,0
0.373968000000003,0
0.374360000000003,0
0.374752000000003,0
0.37514400000000303,0
0.37553600000000303,0
0.37592800000000304,0
0.37632000000000304,1
0.37671200000000304,1
0.37710400000000305,1
0.37749600000000305,2
0.37788800000000305,2
0.37828000000000306,3
0.37867200000000306,4
0.37906400000000307,4
0.37945600000000307,5
0.37984800000000307,6
0.3802400000000031,7
0.3806320000000031,8
0.3810240000000031,9
0.3814160000000031,11
0.3818080000000031,12
0.3822000000000031,13
0.3825920000000031,15
0.3829840000000031,16
0.3833760000000031,18
0.3837680000000031,20
0.3841600000000031,21
0.3845520000000031,23
0.3849440000000031,25
0.3853360000000031,27
0.3857280000000031,29
0.3861200000000031,31
0.38651200000000313,33
0.38690400000000313,35
0.38729600000000314,37
0.38768800000000314,39
0.38808000000000314,42
0.38847200000000315,44
0.38886400000000315,46
0.38925600000000316,49
0.38964800000000316,51
0.39004000000000316,54
0.39043200000000317,56
0.39082400000000317,59
0.3912160000000032,62
0.3916080000000032,64
0.3920000000000032,67
0.3923920000000032,70
0.3927840000000032,73
0.3931760000000032,76
0.3935680000000032,79
0.3939600000000032,81
0.3943520000000032,84
0.3947440000000032,87
0.3951360000000032,90
0.3955280000000032,93
0.3959200000000032,96
0.3963120000000032,99
0.3967040000000032,103
0.3970960000000032,106
0.3974880000000032,109
0.39788000000000323,112
0.39827200000000323,115
0.39866400000000324,118
0.39905600000000324,121
0.39944800000000324,124
0.39984000000000325,128
0.40023200000000325,131
0.40062400000000326,134
0.40101600000000326,137
0.40140800000000326,140
0.40180000000000327,143
0.40219200000000327,146
0.4025840000000033,149
0.4029760000000033,152
0.4033680000000033,156
0.4037600000000033,159
0.4041520000000033,162
0.4045440000000033,165
0.4049360000000033,168
0.4053280000000033,171
0.4057200000000033,174
0.4061120000000033,176
0.4065040000000033,179
0.4068960000000033,182
0.4072880000000033,185
0.4076800000000033,188
0.4080720000000033,191
0.4084640000000033,193
0.40885600000000333,196
0.40924800000000333,199
0.40964000000000333,201
0.41003200000000334,204
0.41042400000000334,206
0.41081600000000335,209
0.41120800000000335,211
0.41160000000000335,213
0.41199200000000336,216
0.41238400000000336,218
0.41277600000000336,220
0.41316800000000337,222
0.41356000000000337,224
0.4139520000000034,226
0.4143440000000034,228
0.4147360000000034,230
0.4151280000000034,232
0.4155200000000034,234
0.4159120000000034,235
0.4163040000000034,237
0.4166960000000034,239
0.4170880000000034,240
0.4174800000000034,242
0.4178720000000034,243
0.4182640000000034,244
0.4186560000000034,246
0.4190480000000034,247
0.4194400000000034,248
0.4198320000000034,249
0.42022400000000343,250
0.42061600000000343,251
0.42100800000000344,251
0.42140000000000344,252
0.42179200000000344,253
0.42218400000000345,253
0.42257600000000345,254
0.42296800000000345,254
0.42336000000000346,254
0.42375200000000346,255
0.42414400000000346,255
0.42453600000000347,255
0.42492800000000347,255
0.4253200000000035,255
0.4257120000000035,255
0.4261040000000035,255
0.4264960000000035,254
0.4268880000000035,254
0.4272800000000035,253
0.4276720000000035,253
0.4280640000000035,252
0.4284560000000035,252
0.4288480000000035,251
0.4292400000000035,250
0.4296320000000035,249
0.4300240000000035,248
0.4304160000000035,247
0.4308080000000035,246
0.4312000000000035,245
0.43159200000000353,244
0.43198400000000353,242
0.43237600000000354,241
0.43276800000000354,239
0.43316000000000354,238
0.43355200000000355,236
0.43394400000000355,235
0.43433600000000355,233
0.43472800000000356,231
0.43512000000000356,229
0.43551200000000356,227
0.43590400000000357,225
0.43629600000000357,223
0.4366880000000036,221
0.4370800000000036,219
0.4374720000000036,217
0.4378640000000036,215
0.4382560000000036,212
0.4386480000000036,210
0.4390400000000036,207
0.4394320000000036,205
0.4398240000000036,202
0.4402160000000036,200
0.4406080000000036,197
0.4410000000000036,195
0.4413920000000036,192
0.4417840000000036,189
0.4421760000000036,186
0.4425680000000036,184
0.44296000000000363,181
0.44335200000000363,178
0.44374400000000364,175
0.44413600000000364,172
0.44452800000000364,169
0.44492000000000365,166
0.44531200000000365,163
0.44570400000000365,160
0.44609600000000366,157
0.44648800000000366,154
0.44688000000000366,151
0.44727200000000367,148
0.44766400000000367,145
0.4480560000000037,142
0.4484480000000037,138
0.4488400000000037,135
0.4492320000000037,132
0.4496240000000037,129
0.4500160000000037,126
0.4504080000000037,123
0.4508000000000037,120
0.4511920000000037,117
0.4515840000000037,113
0.4519760000000037,110
0.4523680000000037,107
0.4527600000000037,104
0.4531520000000037,101
0.4535440000000037,98
0.4539360000000037,95
0.45432800000000373,92
0.45472000000000373,89
0.45511200000000374,86
0.45550400000000374,83
0.45589600000000374,80
0.45628800000000375,77
0.45668000000000375,74
0.45707200000000375,71
0.45746400000000376,69
0.45785600000000376,66
0.45824800000000376,63
0.45864000000000377,60
0.45903200000000377,58
0.4594240000000038,55
0.4598160000000038,53
0.4602080000000038,50
0.4606000000000038,48
0.4609920000000038,45
0.4613840000000038,43
0.4617760000000038,40
0.4621680000000038,38
0.4625600000000038,36
0.4629520000000038,34
0.4633440000000038,32
0.4637360000000038,30
0.4641280000000038,28
0.4645200000000038,26
0.4649120000000038,24
0.4653040000000038,22
0.46569600000000383,20
0.46608800000000383,19
0.46648000000000384,17
0.46687200000000384,16
0.46726400000000384,14
0.46765600000000385,13
0.46804800000000385,11
0.46844000000000385,10
0.46883200000000386,9
0.46922400000000386,8
0.46961600000000386,7
0.47000800000000387,6
0.47040000000000387,5
0.4707920000000039,4
0.4711840000000039,3
0.4715760000000039,3
0.4719680000000039,2
0.4723600000000039,2
0.4727520000000039,1
0.4731440000000039,1
0.4735360000000039,0
0.4739280000000039,0
0.4743200000000039,0
0.4747120000000039,0
0.4751040000000039,0
0.4754960000000039,0
0.4758880000000039,0
0.4762800000000039,1
0.4766720000000039,1
0.47706400000000393,1
0.47745600000000393,2
0.47784800000000394,2
0.47824000000000394,3
0.47863200000000394,4
0.47902400000000395,4
0.47941600000000395,5
0.47980800000000395,6
0.48020000000000396,7
0.48059200000000396,8
0.48098400000000396,9
0.48137600000000397,11
0.48176800000000397,12
0.482160000000004,13
0.482552000000004,15
0.482944000000004,16
0.483336000000004,18
0.483728000000004,20
0.484120000000004,21
0.484512000000004,23
0.484904000000004,25
0.485296000000004,27
0.485688000000004,29
0.486080000000004,31
0.486472000000004,33
0.486864000000004,35
0.487256000000004,37
0.487648000000004,39
0.488040000000004,42
0.48843200000000403,44
0.48882400000000403,46
0.48921600000000404,49
0.48960800000000404,51
0.49000000000000404,54
0.49039200000000405,56
0.49078400000000405,59
0.49117600000000405,62
0.49156800000000406,64
0.49196000000000406,67
0.49235200000000406,70
0.49274400000000407,73
0.49313600000000407,76
0.4935280000000041,79
0.4939200000000041,81
0.4943120000000041,84
0.4947040000000041,87
0.4950960000000041,90
0.4954880000000041,93
0.4958800000000041,96
0.4962720000000041,99
0.4966640000000041,103
0.4970560000000041,106
0.4974480000000041,109
0.4978400000000041,112
0.4982320000000041,115
0.4986240000000041,118
0.4990160000000041,121
0.4994080000000041,124
0.49980000000000413,128
0.5001920000000041,131
0.500584000000004,134
0.500976000000004,137
0.5013680000000039,140
0.5017600000000039,143
0.5021520000000038,146
0.5025440000000038,149
0.5029360000000037,152
0.5033280000000037,156
0.5037200000000036,159
0.5041120000000036,162
0.5045040000000035,165
0.5048960000000035,168
0.5052880000000034,171
0.5056800000000033,174
0.5060720000000033,176
0.5064640000000032,179
0.5068560000000032,182
0.5072480000000031,185
0.5076400000000031,188
0.508032000000003,191
0.508424000000003,193
0.5088160000000029,196
0.5092080000000029,199
0.5096000000000028,201
0.5099920000000028,204
0.5103840000000027,206
0.5107760000000027,209
0.5111680000000026,211
0.5115600000000026,213
0.5119520000000025,216
0.5123440000000025,218
0.5127360000000024,220
0.5131280000000024,222
0.5135200000000023,224
0.5139120000000023,226
0.5143040000000022,228
0.5146960000000022,230
0.5150880000000021,232
0.515480000000002,234
0.515872000000002,235
0.5162640000000019,237
0.5166560000000019,239
0.5170480000000018,240
0.5174400000000018,242
0.5178320000000017,243
0.5182240000000017,244
0.5186160000000016,246
0.5190080000000016,247
0.5194000000000015,248
0.5197920000000015,249
0.5201840000000014,250
0.5205760000000014,251
0.5209680000000013,251
0.5213600000000013,252
0.5217520000000012,253
0.5221440000000012,253
0.5225360000000011,254
0.5229280000000011,254
0.523320000000001,254
0.523712000000001,255
0.5241040000000009,255
0.5244960000000009,255
0.5248880000000008,255
0.5252800000000007,255
0.5256720000000007,255
0.5260640000000006,255
0.5264560000000006,254
0.5268480000000005,254
0.5272400000000005,253
0.5276320000000004,253
0.5280240000000004,252
0.5284160000000003,252
0.5288080000000003,251
0.5292000000000002,250
0.5295920000000002,249
0.5299840000000001,248
0.5303760000000001,247
0.530768,246
0.53116,245
0.5315519999999999,244
0.5319439999999999,242
0.5323359999999998,241
0.5327279999999998,239
0.5331199999999997,238
0.5335119999999997,236
0.5339039999999996,235
0.5342959999999995,233
0.5346879999999995,231
0.5350799999999994,229
0.5354719999999994,227
0.5358639999999993,225
0.5362559999999993,223
0.5366479999999992,221
0.5370399999999992,219
0.5374319999999991,217
0.5378239999999991,215
0.538215999999999,212
0.538607999999999,210
0.5389999999999989,207
0.5393919999999989,205
0.5397839999999988,202
0.5401759999999988,200
0.5405679999999987,197
0.5409599999999987,195
0.5413519999999986,192
0.5417439999999986,189
0.5421359999999985,186
0.5425279999999985,184
0.5429199999999984,181
0.5433119999999984,178
0.5437039999999983,175
0.5440959999999982,172
0.5444879999999982,169
0.5448799999999981,166
0.5452719999999981,163
0.545663999999998,160
0.546055999999998,157
0.5464479999999979,154
0.5468399999999979,151
0.5472319999999978,148
0.5476239999999978,145
0.5480159999999977,142
0.5484079999999977,138
0.5487999999999976,135
0.5491919999999976,132
0.5495839999999975,129
0.5499759999999975,126
0.5503679999999974,123
0.5507599999999974,120
0.5511519999999973,117
0.5515439999999973,113
0.5519359999999972,110
0.5523279999999972,107
0.5527199999999971,104
0.553111999999997,101
0.553503999999997,98
0.553895999999997,95
0.5542879999999969,92
0.5546799999999968,89
0.5550719999999968,86
0.5554639999999967,83
0.5558559999999967,80
0.5562479999999966,77
0.5566399999999966,74
0.5570319999999965,71
0.5574239999999965,69
0.5578159999999964,66
0.5582079999999964,63
0.5585999999999963,60
0.5589919999999963,58
0.5593839999999962,55
0.5597759999999962,53
0.5601679999999961,50
0.5605599999999961,48
0.560951999999996,45
0.561343999999996,43
0.5617359999999959,40
0.5621279999999959,38
0.5625199999999958,36
0.5629119999999957,34
0.5633039999999957,32
0.5636959999999956,30
0.5640879999999956,28
0.5644799999999955,26
0.5648719999999955,24
0.5652639999999954,22
0.5656559999999954,20
0.5660479999999953,19
0.5664399999999953,17
0.5668319999999952,16
0.5672239999999952,14
0.5676159999999951,13
0.5680079999999951,11
0.568399999999995,10
0.568791999999995,9
0.5691839999999949,8
0.5695759999999949,7
0.5699679999999948,6
0.5703599999999948,5
0.5707519999999947,4
0.5711439999999947,3
0.5715359999999946,3
0.5719279999999946,2
0.5723199999999945,2
0.5727119999999944,1
0.5731039999999944,1
0.5734959999999943,0
0.5738879999999943,0
0.5742799999999942,0
0.5746719999999942,0
0.5750639999999941,0
0.5754559999999941,0
0.575847999999994,0
0.576239999999994,1
0.5766319999999939,1
0.5770239999999939,1
0.5774159999999938,2
0.5778079999999938,2
0.5781999999999937,3
0.5785919999999937,4
0.5789839999999936,4
0.5793759999999936,5
0.5797679999999935,6
0.5801599999999935,7
0.5805519999999934,8
0.5809439999999934,9
0.5813359999999933,11
0.5817279999999933,12
0.5821199999999932,13
0.5825119999999931,15
0.5829039999999931,16
0.583295999999993,18
0.583687999999993,20
0.5840799999999929,21
0.5844719999999929,23
0.5848639999999928,25
0.5852559999999928,27
0.5856479999999927,29
0.5860399999999927,31
0.5864319999999926,33
0.5868239999999926,35
0.5872159999999925,37
0.5876079999999925,39
0.5879999999999924,42
0.5883919999999924,44
0.5887839999999923,46
0.5891759999999923,49
0.5895679999999922,51
0.5899599999999922,54
0.5903519999999921,56
0.590743999999992,59
0.591135999999992,62
0.591527999999992,64
0.5919199999999919,67
0.5923119999999918,70
0.5927039999999918,73
0.5930959999999917,76
0.5934879999999917,79
0.5938799999999916,81
0.5942719999999916,84
0.5946639999999915,87
0.5950559999999915,90
0.5954479999999914,93
0.5958399999999914,96
0.5962319999999913,99
0.5966239999999913,103
0.5970159999999912,106
0.5974079999999912,109
0.5977999999999911,112
0.5981919999999911,115
0.598583999999991,118
0.598975999999991,121
0.5993679999999909,124
0.5997599999999909,128
0.6001519999999908,131
0.6005439999999908,134
0.6009359999999907,137
0.6013279999999906,140
0.6017199999999906,143
0.6021119999999905,146
0.6025039999999905,149
0.6028959999999904,152
0.6032879999999904,156
0.6036799999999903,159
0.6040719999999903,162
0.6044639999999902,165
0.6048559999999902,168
0.6052479999999901,171
0.6056399999999901,174
0.60603199999999,176
0.60642399999999,179
0.6068159999999899,182
0.6072079999999899,185
0.6075999999999898,188
0.6079919999999898,191
0.6083839999999897,193
0.6087759999999897,196
0.6091679999999896,199
0.6095599999999896,201
0.6099519999999895,204
0.6103439999999895,206
0.6107359999999894,209
0.6111279999999893,211
0.6115199999999893,213
0.6119119999999892,216
0.6123039999999892,218
0.6126959999999891,220
0.6130879999999891,222
0.613479999999989,224
0.613871999999989,226
0.6142639999999889,228
0.6146559999999889,230
0.6150479999999888,232
0.6154399999999888,234
0.6158319999999887,235
0.6162239999999887,237
0.6166159999999886,239
0.6170079999999886,240
0.6173999999999885,242
0.6177919999999885,243
0.6181839999999884,244
0.6185759999999884,246
0.6189679999999883,247
0.6193599999999883,248
0.6197519999999882,249
0.6201439999999881,250
0.6205359999999881,251
0.620927999999988,251
0.621319999999988,252
0.6217119999999879,253
0.6221039999999879,253
0.6224959999999878,254
0.6228879999999878,254
0.6232799999999877,254
0.6236719999999877,255
0.6240639999999876,255
0.6244559999999876,255
0.6248479999999875,255
0.6252399999999875,255
0.6256319999999874,255
0.6260239999999874,255
0.6264159999999873,254
0.6268079999999873,254
0.6271999999999872,253
0.6275919999999872,253
0.6279839999999871,252
0.6283759999999871,252
0.628767999999987,251
0.629159999999987,250
0.6295519999999869,249
0.6299439999999868,248
0.6303359999999868,247
0.6307279999999867,246
0.6311199999999867,245
0.6315119999999866,244
0.6319039999999866,242
0.6322959999999865,241
0.6326879999999865,239
0.6330799999999864,238
0.6334719999999864,236
0.6338639999999863,235
0.6342559999999863,233
0.6346479999999862,231
0.6350399999999862,229
0.6354319999999861,227
0.6358239999999861,225
0.636215999999986,223
0.636607999999986,221
0.6369999999999859,219
0.6373919999999859,217
0.6377839999999858,215
0.6381759999999858,212
0.6385679999999857,210
0.6389599999999857,207
0.6393519999999856,205
0.6397439999999855,202
0.6401359999999855,200
0.6405279999999854,197
0.6409199999999854,195
0.6413119999999853,192
0.6417039999999853,189
0.6420959999999852,186
0.6424879999999852,184
0.6428799999999851,181
0.6432719999999851,178
0.643663999999985,175
0.644055999999985,172
0.6444479999999849,169
0.6448399999999849,166
0.6452319999999848,163
0.6456239999999848,160
0.6460159999999847,157
0.6464079999999847,154
0.6467999999999846,151
0.6471919999999846,148
0.6475839999999845,145
0.6479759999999845,142
0.6483679999999844,138
0.6487599999999843,135
0.6491519999999843,132
0.6495439999999842,129
0.6499359999999842,126
0.6503279999999841,123
0.6507199999999841,120
0.651111999999984,117
0.651503999999984,113
0.6518959999999839,110
0.6522879999999839,107
0.6526799999999838,104
0.6530719999999838,101
0.6534639999999837,98
0.6538559999999837,95
0.6542479999999836,92
0.6546399999999836,89
0.6550319999999835,86
0.6554239999999835,83
0.6558159999999834,80
0.6562079999999834,77
0.6565999999999833,74
0.6569919999999833,71
0.6573839999999832,69
0.6577759999999832,66
0.6581679999999831,63
0.658559999999983,60
0.658951999999983,58
0.6593439999999829,55
0.6597359999999829,53
0.6601279999999828,50
0.6605199999999828,48
0.6609119999999827,45
0.6613039999999827,43
0.6616959999999826,40
0.6620879999999826,38
0.6624799999999825,36
0.6628719999999825,34
0.6632639999999824,32
0.6636559999999824,30
0.6640479999999823,28
0.6644399999999823,26
0.6648319999999822,24
0.6652239999999822,22
0.6656159999999821,20
0.6660079999999821,19
0.666399999999982,17
0.666791999999982,16
0.6671839999999819,14
0.6675759999999819,13
0.6679679999999818,11
0.6683599999999817,10
0.6687519999999817,9
0.6691439999999816,8
0.6695359999999816,7
0.6699279999999815,6
0.6703199999999815,5
0.6707119999999814,4
0.6711039999999814,3
0.6714959999999813,3
0.6718879999999813,2
0.6722799999999812,2
0.6726719999999812,1
0.6730639999999811,1
0.6734559999999811,0
0.673847999999981,0
0.674239999999981,0
0.6746319999999809,0
0.6750239999999809,0
0.6754159999999808,0
0.6758079999999808,0
0.6761999999999807,1
0.6765919999999807,1
0.6769839999999806,1
0.6773759999999805,2
0.6777679999999805,2
0.6781599999999804,3
0.6785519999999804,4
0.6789439999999803,4
0.6793359999999803,5
0.6797279999999802,6
0.6801199999999802,7
0.6805119999999801,8
0.6809039999999801,9
0.68129599999998,11
0.68168799999998,12
0.6820799999999799,13
0.6824719999999799,15
0.6828639999999798,16
0.6832559999999798,18
0.6836479999999797,20
0.6840399999999797,21
0.6844319999999796,23
0.6848239999999796,25
0.6852159999999795,27
0.6856079999999795,29
0.6859999999999794,31
0.6863919999999794,33
0.6867839999999793,35
0.6871759999999792,37
0.6875679999999792,39
0.6879599999999791,42
0.6883519999999791,44
0.688743999999979,46
0.689135999999979,49
0.6895279999999789,51
0.6899199999999789,54
0.6903119999999788,56
0.6907039999999788,59
0.6910959999999787,62
0.6914879999999787,64
0.6918799999999786,67
0.6922719999999786,70
0.6926639999999785,73
0.6930559999999785,76
0.6934479999999784,79
0.6938399999999784,81
0.6942319999999783,84
0.6946239999999783,87
0.6950159999999782,90
0.6954079999999782,93
0.6957999999999781,96
0.696191999999978,99
0.696583999999978,103
0.696975999999978,106
0.6973679999999779,109
0.6977599999999778,112
0.6981519999999778,115
0.6985439999999777,118
0.6989359999999777,121
0.6993279999999776,124
0.6997199999999776,128
0.7001119999999775,131
0.7005039999999775,134
0.7008959999999774,137
0.7012879999999774,140
0.7016799999999773,143
0.7020719999999773,146
0.7024639999999772,149
0.7028559999999772,152
0.7032479999999771,156
0.7036399999999771,159
0.704031999999977,162
0.704423999999977,165
0.7048159999999769,168
0.7052079999999769,171
0.7055999999999768,174
0.7059919999999767,176
0.7063839999999767,179
0.7067759999999766,182
0.7071679999999766,185
0.7075599999999765,188
0.7079519999999765,191
0.7083439999999764,193
0.7087359999999764,196
0.7091279999999763,199
0.7095199999999763,201
0.7099119999999762,204
0.7103039999999762,206
0.7106959999999761,209
0.7110879999999761,211
0.711479999999976,213
0.711871999999976,216
0.7122639999999759,218
0.7126559999999759,220
0.7130479999999758,222
0.7134399999999758,224
0.7138319999999757,226
0.7142239999999757,228
0.7146159999999756,230
0.7150079999999756,232
0.7153999999999755,234
0.7157919999999754,235
0.7161839999999754,237
0.7165759999999753,239
0.7169679999999753,240
0.7173599999999752,242
0.7177519999999752,243
0.7181439999999751,244
0.7185359999999751,246
0.718927999999975,247
0.719319999999975,248
0.7197119999999749,249
0.7201039999999749,250
0.7204959999999748,251
0.7208879999999748,251
0.7212799999999747,252
0.7216719999999747,253
0.7220639999999746,253
0.7224559999999746,254
0.7228479999999745,254
0.7232399999999745,254
0.7236319999999744,255
0.7240239999999744,255
0.7244159999999743,255
0.7248079999999743,255
0.7251999999999742,255
0.7255919999999741,255
0.7259839999999741,255
0.726375999999974,254
0.726767999999974,254
0.7271599999999739,253
0.7275519999999739,253
0.7279439999999738,252
0.7283359999999738,252
0.7287279999999737,251
0.7291199999999737,250
0.7295119999999736,249
0.7299039999999736,248
0.7302959999999735,247
0.7306879999999735,246
0.7310799999999734,245
0.7314719999999734,244
0.7318639999999733,242
0.7322559999999733,241
0.7326479999999732,239
0.7330399999999732,238
0.7334319999999731,236
0.733823999999973,235
0.734215999999973,233
0.734607999999973,231
0.7349999999999729,229
0.7353919999999728,227
0.7357839999999728,225
0.7361759999999727,223
0.7365679999999727,221
0.7369599999999726,219
0.7373519999999726,217
0.7377439999999725,215
0.7381359999999725,212
0.7385279999999724,210
0.7389199999999724,207
0.7393119999999723,205
0.7397039999999723,202
0.7400959999999722,200
0.7404879999999722,197
0.7408799999999721,195
0.7412719999999721,192
0.741663999999972,189
0.742055999999972,186
0.7424479999999719,184
0.7428399999999719,181
0.7432319999999718,178
0.7436239999999718,175
0.7440159999999717,172
0.7444079999999716,169
0.7447999999999716,166
0.7451919999999715,163
0.7455839999999715,160
0.7459759999999714,157
0.7463679999999714,154
0.7467599999999713,151
0.7471519999999713,148
0.7475439999999712,145
0.7479359999999712,142
0.7483279999999711,138
0.7487199999999711,135
0.749111999999971,132
0.749503999999971,129
0.7498959999999709,126
0.7502879999999709,123
0.7506799999999708,120
0.7510719999999708,117
0.7514639999999707,113
0.7518559999999707,110
0.7522479999999706,107
0.7526399999999706,104
0.7530319999999705,101
0.7534239999999705,98
0.7538159999999704,95
0.7542079999999703,92
0.7545999999999703,89
0.7549919999999702,86
0.7553839999999702,83
0.7557759999999701,80
0.7561679999999701,77
0.75655999999997,74
0.75695199999997,71
0.7573439999999699,69
0.7577359999999699,66
0.7581279999999698,63
0.7585199999999698,60
0.7589119999999697,58
0.7593039999999697,55
0.7596959999999696,53
0.7600879999999696,50
0.7604799999999695,48
0.7608719999999695,45
0.7612639999999694,43
0.7616559999999694,40
0.7620479999999693,38
0.7624399999999693,36
0.7628319999999692,34
0.7632239999999691,32
0.7636159999999691,30
0.764007999999969,28
0.764399999999969,26
0.7647919999999689,24
0.7651839999999689,22
0.7655759999999688,20
0.7659679999999688,19
0.7663599999999687,17
0.7667519999999687,16
0.7671439999999686,14
0.7675359999999686,13
0.7679279999999685,11
0.7683199999999685,10
0.7687119999999684,9
0.7691039999999684,8
0.7694959999999683,7
0.7698879999999683,6
0.7702799999999682,5
0.7706719999999682,4
0.7710639999999681,3
0.7714559999999681,3
0.771847999999968,2
0.772239999999968,2
0.7726319999999679,1
0.7730239999999678,1
0.7734159999999678,0
0.7738079999999677,0
0.7741999999999677,0
0.7745919999999676,0
0.7749839999999676,0
0.7753759999999675,0
0.7757679999999675,0
0.7761599999999674,1
0.7765519999999674,1
0.7769439999999673,1
0.7773359999999673,2
0.7777279999999672,2
0.7781199999999672,3
0.7785119999999671,4
0.7789039999999671,4
0.779295999999967,5
0.779687999999967,6
0.7800799999999669,7
0.7804719999999669,8
0.7808639999999668,9
0.7812559999999668,11
0.7816479999999667,12
0.7820399999999667,13
0.7824319999999666,15
0.7828239999999665,16
0.7832159999999665,18
0.7836079999999664,20
0.7839999999999664,21
0.7843919999999663,23
0.7847839999999663,25
0.7851759999999662,27
0.7855679999999662,29
0.7859599999999661,31
0.7863519999999661,33
0.786743999999966,35
0.787135999999966,37
0.7875279999999659,39
0.7879199999999659,42
0.7883119999999658,44
0.7887039999999658,46
0.7890959999999657,49
0.7894879999999657,51
0.7898799999999656,54
0.7902719999999656,56
0.7906639999999655,59
0.7910559999999655,62
0.7914479999999654,64
0.7918399999999653,67
0.7922319999999653,70
0.7926239999999652,73
0.7930159999999652,76
0.7934079999999651,79
0.7937999999999651,81
0.794191999999965,84
0.794583999999965,87
0.7949759999999649,90
0.7953679999999649,93
0.7957599999999648,96
0.7961519999999648,99
0.7965439999999647,103
0.7969359999999647,106
0.7973279999999646,109
0.7977199999999646,112
0.7981119999999645,115
0.7985039999999645,118
0.7988959999999644,121
0.7992879999999644,124
0.7996799999999643,128
0.8000719999999643,131
0.8004639999999642,134
0.8008559999999642,137
0.8012479999999641,140
0.801639999999964,143
0.802031999999964,146
0.8024239999999639,149
0.8028159999999639,152
0.8032079999999638,156
0.8035999999999638,159
0.8039919999999637,162
0.8043839999999637,165
0.8047759999999636,168
0.8051679999999636,171
0.8055599999999635,174
0.8059519999999635,176
0.8063439999999634,179
0.8067359999999634,182
0.8071279999999633,185
0.8075199999999633,188
0.8079119999999632,191
0.8083039999999632,193
0.8086959999999631,196
0.8090879999999631,199
0.809479999999963,201
0.809871999999963,204
0.8102639999999629,206
0.8106559999999629,209
0.8110479999999628,211
0.8114399999999627,213
0.8118319999999627,216
0.8122239999999626,218
0.8126159999999626,220
0.8130079999999625,222
0.8133999999999625,224
0.8137919999999624,226
0.8141839999999624,228
0.8145759999999623,230
0.8149679999999623,232
0.8153599999999622,234
0.8157519999999622,235
0.8161439999999621,237
0.8165359999999621,239
0.816927999999962,240
0.817319999999962,242
0.8177119999999619,243
0.8181039999999619,244
0.8184959999999618,246
0.8188879999999618,247
0.8192799999999617,248
0.8196719999999617,249
0.8200639999999616,250
0.8204559999999615,251
0.8208479999999615,251
0.8212399999999614,252
0.8216319999999614,253
0.8220239999999613,253
0.8224159999999613,254
0.8228079999999612,254
0.8231999999999612,254
0.8235919999999611,255
0.8239839999999611,255
0.824375999999961,255
0.824767999999961,255
0.8251599999999609,255
0.8255519999999609,255
0.8259439999999608,255
0.8263359999999608,254
0.8267279999999607,254
0.8271199999999607,253
0.8275119999999606,253
0.8279039999999606,252
0.8282959999999605,252
0.8286879999999605,251
0.8290799999999604,250
0.8294719999999604,249
0.8298639999999603,248
0.8302559999999602,247
0.8306479999999602,246
0.8310399999999601,245
0.8314319999999601,244
0.83182399999996,242
0.83221599999996,241
0.8326079999999599,239
0.8329999999999599,238
0.8333919999999598,236
0.8337839999999598,235
0.8341759999999597,233
0.8345679999999597,231
0.8349599999999596,229
0.8353519999999596,227
0.8357439999999595,225
0.8361359999999595,223
0.8365279999999594,221
0.8369199999999594,219
0.8373119999999593,217
0.8377039999999593,215
0.8380959999999592,212
0.8384879999999592,210
0.8388799999999591,207
0.839271999999959,205
0.839663999999959,202
0.840055999999959,200
0.8404479999999589,197
0.8408399999999588,195
0.8412319999999588,192
0.8416239999999587,189
0.8420159999999587,186
0.8424079999999586,184
0.8427999999999586,181
0.8431919999999585,178
0.8435839999999585,175
0.8439759999999584,172
0.8443679999999584,169
0.8447599999999583,166
0.8451519999999583,163
0.8455439999999582,160
0.8459359999999582,157
0.8463279999999581,154
0.8467199999999581,151
0.847111999999958,148
0.847503999999958,145
0.8478959999999579,142
0.8482879999999579,138
0.8486799999999578,135
0.8490719999999577,132
0.8494639999999577,129
0.8498559999999576,126
0.8502479999999576,123
0.8506399999999575,120
0.8510319999999575,117
0.8514239999999574,113
0.8518159999999574,110
0.8522079999999573,107
0.8525999999999573,104
0.8529919999999572,101
0.8533839999999572,98
0.8537759999999571,95
0.8541679999999571,92
0.854559999999957,89
0.854951999999957,86
0.8553439999999569,83
0.8557359999999569,80
0.8561279999999568,77
0.8565199999999568,74
0.8569119999999567,71
0.8573039999999567,69
0.8576959999999566,66
0.8580879999999566,63
0.8584799999999565,60
0.8588719999999564,58
0.8592639999999564,55
0.8596559999999563,53
0.8600479999999563,50
0.8604399999999562,48
0.8608319999999562,45
0.8612239999999561,43
0.8616159999999561,40
0.862007999999956,38
0.862399999999956,36
0.8627919999999559,34
0.8631839999999559,32
0.8635759999999558,30
0.8639679999999558,28
0.8643599999999557,26
0.8647519999999557,24
0.8651439999999556,22
0.8655359999999556,20
0.8659279999999555,19
0.8663199999999555,17
0.8667119999999554,16
0.8671039999999554,14
0.8674959999999553,13
0.8678879999999553,11
0.8682799999999552,10
0.8686719999999551,9
0.8690639999999551,8
0.869455999999955,7
0.869847999999955,6
0.8702399999999549,5
0.8706319999999549,4
0.8710239999999548,3
0.8714159999999548,3
0.8718079999999547,2
0.8721999999999547,2
0.8725919999999546,1
0.8729839999999546,1
0.8733759999999545,0
0.8737679999999545,0
0.8741599999999544,0
0.8745519999999544,0
0.8749439999999543,0
0.8753359999999543,0
0.8757279999999542,0
0.8761199999999542,1
0.8765119999999541,1
0.876903999999954,1
0.877295999999954,2
0.877687999999954,2
0.8780799999999539,3
0.8784719999999538,4
0.8788639999999538,4
0.8792559999999537,5
0.8796479999999537,6
0.8800399999999536,7
0.8804319999999536,8
0.8808239999999535,9
0.8812159999999535,11
0.8816079999999534,12
0.8819999999999534,13
0.8823919999999533,15
0.8827839999999533,16
0.8831759999999532,18
0.8835679999999532,20
0.8839599999999531,21
0.8843519999999531,23
0.884743999999953,25
0.885135999999953,27
0.8855279999999529,29
0.8859199999999529,31
0.8863119999999528,33
0.8867039999999528,35
0.8870959999999527,37
0.8874879999999526,39
0.8878799999999526,42
0.8882719999999525,44
0.8886639999999525,46
0.8890559999999524,49
0.8894479999999524,51
0.8898399999999523,54
0.8902319999999523,56
0.8906239999999522,59
0.8910159999999522,62
0.8914079999999521,64
0.8917999999999521,67
0.892191999999952,70
0.892583999999952,73
0.8929759999999519,76
0.8933679999999519,79
0.8937599999999518,81
0.8941519999999518,84
0.8945439999999517,87
0.8949359999999517,90
0.8953279999999516,93
0.8957199999999516,96
0.8961119999999515,99
0.8965039999999515,103
0.8968959999999514,106
0.8972879999999513,109
0.8976799999999513,112
0.8980719999999512,115
0.8984639999999512,118
0.8988559999999511,121
0.8992479999999511,124
0.899639999999951,128
0.900031999999951,131
0.9004239999999509,134
0.9008159999999509,137
0.9012079999999508,140
0.9015999999999508,143
0.9019919999999507,146
0.9023839999999507,149
0.9027759999999506,152
0.9031679999999506,156
0.9035599999999505,159
0.9039519999999505,162
0.9043439999999504,165
0.9047359999999504,168
0.9051279999999503,171
0.9055199999999503,174
0.9059119999999502,176
0.9063039999999501,179
0.9066959999999501,182
0.90708799999995,185
0.90747999999995,188
0.9078719999999499,191
0.9082639999999499,193
0.9086559999999498,196
0.9090479999999498,199
0.9094399999999497,201
0.9098319999999497,204
0.9102239999999496,206
0.9106159999999496,209
0.9110079999999495,211
0.9113999999999495,213
0.9117919999999494,216
0.9121839999999494,218
0.9125759999999493,220
0.9129679999999493,222
0.9133599999999492,224
0.9137519999999492,226
0.9141439999999491,228
0.9145359999999491,230
0.914927999999949,232
0.915319999999949,234
0.9157119999999489,235
0.9161039999999488,237
0.9164959999999488,239
0.9168879999999487,240
0.9172799999999487,242
0.9176719999999486,243
0.9180639999999486,244
0.9184559999999485,246
0.9188479999999485,247
0.9192399999999484,248
0.9196319999999484,249
0.9200239999999483,250
0.9204159999999483,251
0.9208079999999482,251
0.9211999999999482,252
0.9215919999999481,253
0.9219839999999481,253
0.922375999999948,254
0.922767999999948,254
0.9231599999999479,254
0.9235519999999479,255
0.9239439999999478,255
0.9243359999999478,255
0.9247279999999477,255
0.9251199999999477,255
0.9255119999999476,255
0.9259039999999475,255
0.9262959999999475,254
0.9266879999999474,254
0.9270799999999474,253
0.9274719999999473,253
0.9278639999999473,252
0.9282559999999472,252
0.9286479999999472,251
0.9290399999999471,250
0.9294319999999471,249
0.929823999999947,248
0.930215999999947,247
0.9306079999999469,246
0.9309999999999469,245
0.9313919999999468,244
0.9317839999999468,242
0.9321759999999467,241
0.9325679999999467,239
0.9329599999999466,238
0.9333519999999466,236
0.9337439999999465,235
0.9341359999999465,233
0.9345279999999464,231
0.9349199999999463,229
0.9353119999999463,227
0.9357039999999462,225
0.9360959999999462,223
0.9364879999999461,221
0.9368799999999461,219
0.937271999999946,217
0.937663999999946,215
0.9380559999999459,212
0.9384479999999459,210
0.9388399999999458,207
0.9392319999999458,205
0.9396239999999457,202
0.9400159999999457,200
0.9404079999999456,197
0.9407999999999456,195
0.9411919999999455,192
0.9415839999999455,189
0.9419759999999454,186
0.9423679999999454,184
0.9427599999999453,181
0.9431519999999453,178
0.9435439999999452,175
0.9439359999999452,172
0.9443279999999451,169
0.944719999999945,166
0.945111999999945,163
0.9455039999999449,160
0.9458959999999449,157
0.9462879999999448,154
0.9466799999999448,151
0.9470719999999447,148
0.9474639999999447,145
0.9478559999999446,142
0.9482479999999446,138
0.9486399999999445,135
0.9490319999999445,132
0.9494239999999444,129
0.9498159999999444,126
0.9502079999999443,123
0.9505999999999443,120
0.9509919999999442,117
0.9513839999999442,113
0.9517759999999441,110
0.9521679999999441,107
0.952559999999944,104
0.952951999999944,101
0.9533439999999439,98
0.9537359999999439,95
0.9541279999999438,92
0.9545199999999437,89
0.9549119999999437,86
0.9553039999999436,83
0.9556959999999436,80
0.9560879999999435,77
0.9564799999999435,74
0.9568719999999434,71
0.9572639999999434,69
0.9576559999999433,66
0.9580479999999433,63
0.9584399999999432,60
0.9588319999999432,58
0.9592239999999431,55
0.9596159999999431,53
0.960007999999943,50
0.960399999999943,48
0.9607919999999429,45
0.9611839999999429,43
0.9615759999999428,40
0.9619679999999428,38
0.9623599999999427,36
0.9627519999999427,34
0.9631439999999426,32
0.9635359999999425,30
0.9639279999999425,28
0.9643199999999424,26
0.9647119999999424,24
0.9651039999999423,22
0.9654959999999423,20
0.9658879999999422,19
0.9662799999999422,17
0.9666719999999421,16
0.9670639999999421,14
0.967455999999942,13
0.967847999999942,11
0.9682399999999419,10
0.9686319999999419,9
0.9690239999999418,8
0.9694159999999418,7
0.9698079999999417,6
0.9701999999999417,5
0.9705919999999416,4
0.9709839999999416,3
0.9713759999999415,3
0.9717679999999415,2
0.9721599999999414,2
0.9725519999999414,1
0.9729439999999413,1
0.9733359999999412,0
0.9737279999999412,0
0.9741199999999411,0
0.9745119999999411,0
0.974903999999941,0
0.975295999999941,0
0.9756879999999409,0
0.9760799999999409,1
0.9764719999999408,1
0.9768639999999408,1
0.9772559999999407,2
0.9776479999999407,2
0.9780399999999406,3
0.9784319999999406,4
0.9788239999999405,4
0.9792159999999405,5
0.9796079999999404,6
0.9799999999999404,7
0.9803919999999403,8
0.9807839999999403,9
0.9811759999999402,11
0.9815679999999402,12
0.9819599999999401,13
0.98235199999994,15
0.98274399999994,16
0.98313599999994,18
0.9835279999999399,20
0.9839199999999398,21
0.9843119999999398,23
0.9847039999999397,25
0.9850959999999397,27
0.9854879999999396,29
0.9858799999999396,31
0.9862719999999395,33
0.9866639999999395,35
0.9870559999999394,37
0.9874479999999394,39
0.9878399999999393,42
0.9882319999999393,44
0.9886239999999392,46
0.9890159999999392,49
0.9894079999999391,51
0.9897999999999391,54
0.990191999999939,56
0.990583999999939,59
0.9909759999999389,62
0.9913679999999389,64
0.9917599999999388,67
0.9921519999999387,70
0.9925439999999387,73
0.9929359999999386,76
0.9933279999999386,79
0.9937199999999385,81
0.9941119999999385,84
0.9945039999999384,87
0.9948959999999384,90
0.9952879999999383,93
0.9956799999999383,96
0.9960719999999382,99
0.9964639999999382,103
0.9968559999999381,106
0.9972479999999381,109
0.997639999999938,112
0.998031999999938,115
0.9984239999999379,118
0.9988159999999379,121
0.9992079999999378,124
